{"client":"Thunder Client","collectionName":"poll","dateExported":"2023-12-02T04:38:16.377Z","version":"1.1","folders":[{"containerId":"","sortNum":10000,"name":"access_permissions_apis","_id":"a7a21d1d-ab3a-4c90-9608-3907f5f2bd10","created":"2023-12-01T04:15:50.712Z"},{"containerId":"","sortNum":20000,"name":"booths_apis","_id":"917a348e-e896-48e6-bed1-90995b2f707c","created":"2023-12-01T04:15:50.712Z"},{"containerId":"","sortNum":30000,"name":"constituencies_apis","_id":"afa79b9c-1c27-4194-b4a1-2dcafb18d195","created":"2023-12-01T04:15:50.712Z"},{"containerId":"","sortNum":40000,"name":"designation_apis ","_id":"fd0cb7e1-f1f5-4cf7-a229-1d24f4263408","created":"2023-12-01T04:15:50.712Z"},{"containerId":"","sortNum":50000,"name":"districts_apis","_id":"a40da29c-2ed0-401a-b1a2-c6cde0a58ed6","created":"2023-12-01T04:15:50.712Z"},{"containerId":"","sortNum":60000,"name":"divisions_apis","_id":"365ed1f6-2282-46e4-bdfd-4d7c674e7220","created":"2023-12-01T04:15:50.712Z"},{"containerId":"","sortNum":70000,"name":"lookup_apis","_id":"d9c60501-2257-447d-a190-a2212023bca8","created":"2023-12-01T04:15:50.712Z"},{"containerId":"","sortNum":80000,"name":"mandals_apis","_id":"bad441fe-46c0-4cd9-8a1f-aa8b141e20d5","created":"2023-12-01T04:15:50.712Z"},{"containerId":"","sortNum":90000,"name":"navaratnalu_apis","_id":"ab10d781-6768-4c23-8586-3e203e4ee18a","created":"2023-12-01T04:15:50.712Z"},{"containerId":"","sortNum":100000,"name":"page_access_apis","_id":"c7a821e5-3ea2-459d-ac52-1ac8217d765b","created":"2023-12-01T04:15:50.712Z"},{"containerId":"","sortNum":110000,"name":"parts_apis ","_id":"69ad5084-f888-4d1c-806c-4d87ece62499","created":"2023-12-01T04:15:50.712Z"},{"containerId":"","sortNum":120000,"name":"poll_survey_apis ","_id":"8c22a99d-8e06-4bb9-ae47-cb73d70e1ae0","created":"2023-12-01T04:15:50.712Z"},{"containerId":"","sortNum":130000,"name":"sachivalayam_apis ","_id":"2a94ba25-e5d0-48e0-ae1f-779b25317522","created":"2023-12-01T04:15:50.712Z"},{"containerId":"","sortNum":140000,"name":"states_apis","_id":"6f725276-fc4f-4db7-88ce-1f861509d5db","created":"2023-12-01T04:15:50.712Z"},{"containerId":"","sortNum":150000,"name":"ticket_attachments_apis","_id":"3c822370-2c4a-4df0-8e66-4fc2b36fba6d","created":"2023-12-01T04:15:50.712Z"},{"containerId":"","sortNum":160000,"name":"ticket_escalation_apis","_id":"823c857e-15a3-438c-8762-04b21518cdb9","created":"2023-12-01T04:15:50.712Z"},{"containerId":"","sortNum":170000,"name":"ticket_master_apis ","_id":"462e1212-5adc-4aec-8302-149cb219b751","created":"2023-12-01T04:15:50.712Z"},{"containerId":"","sortNum":180000,"name":"users_apis ","_id":"68af3fc0-898e-4258-bc7f-d446eef302d2","created":"2023-12-01T04:15:50.712Z"},{"containerId":"","sortNum":190000,"name":"villages_apis ","_id":"83ca4373-adc9-4f70-a1bc-e1b9a03b97b5","created":"2023-12-01T04:15:50.712Z"},{"containerId":"","sortNum":200000,"name":"voters_apis","_id":"85507e21-5064-4887-aa78-499bdb52da87","created":"2023-12-01T04:15:50.712Z"}],"requests":[{"containerId":"a7a21d1d-ab3a-4c90-9608-3907f5f2bd10","sortNum":10000,"headers":[{"name":"Accept","value":"*/*"},{"name":"User-Agent","value":"Thunder Client (https://www.thunderclient.io)"}],"colId":"c885454c-25dc-401b-abe2-1095ca8095f5","name":"read all","url":"http://localhost:8080/access_permissions/getall","method":"GET","modified":"2023-12-01T04:15:50.717Z","created":"2023-12-01T04:15:50.717Z","_id":"b265476c-da55-4992-abf6-5f76b0918e13","params":[],"tests":[]},{"containerId":"afa79b9c-1c27-4194-b4a1-2dcafb18d195","sortNum":20000,"headers":[{"name":"Accept","value":"*/*"},{"name":"User-Agent","value":"Thunder Client (https://www.thunderclient.io)"}],"colId":"c885454c-25dc-401b-abe2-1095ca8095f5","name":"read all","url":"http://localhost:8080/constituencies/getall","method":"GET","modified":"2023-12-01T04:15:50.717Z","created":"2023-12-01T04:15:50.717Z","_id":"0ba35e62-5432-4f2e-a7d9-d7f8ed99dad7","params":[],"tests":[]},{"containerId":"a40da29c-2ed0-401a-b1a2-c6cde0a58ed6","sortNum":20000,"headers":[{"name":"Accept","value":"*/*"},{"name":"User-Agent","value":"Thunder Client (https://www.thunderclient.io)"}],"colId":"c885454c-25dc-401b-abe2-1095ca8095f5","name":"read all","url":"http://localhost:8080/districts/getall","method":"GET","modified":"2023-12-01T04:15:50.718Z","created":"2023-12-01T04:15:50.718Z","_id":"0d254138-26c8-490e-8e8b-12517d694647","params":[],"tests":[]},{"containerId":"8c22a99d-8e06-4bb9-ae47-cb73d70e1ae0","sortNum":20000,"headers":[{"name":"Accept","value":"*/*"},{"name":"User-Agent","value":"Thunder Client (https://www.thunderclient.io)"}],"colId":"c885454c-25dc-401b-abe2-1095ca8095f5","name":"read all","url":"http://localhost:8080/poll_survey/getall","method":"GET","modified":"2023-12-01T04:15:50.718Z","created":"2023-12-01T04:15:50.718Z","_id":"1a2ce783-c4c4-481c-b56d-74493a25c08a","params":[],"tests":[]},{"containerId":"fd0cb7e1-f1f5-4cf7-a229-1d24f4263408","sortNum":20000,"headers":[{"name":"Accept","value":"*/*"},{"name":"User-Agent","value":"Thunder Client (https://www.thunderclient.io)"}],"colId":"c885454c-25dc-401b-abe2-1095ca8095f5","name":"read all","url":"http://localhost:8080/designation/getall","method":"GET","modified":"2023-12-01T04:15:50.718Z","created":"2023-12-01T04:15:50.718Z","_id":"1da465e4-c05e-49b9-b7b9-5082fc2e9cd3","params":[],"tests":[]},{"containerId":"2a94ba25-e5d0-48e0-ae1f-779b25317522","sortNum":20000,"headers":[{"name":"Accept","value":"*/*"},{"name":"User-Agent","value":"Thunder Client (https://www.thunderclient.io)"}],"colId":"c885454c-25dc-401b-abe2-1095ca8095f5","name":"read by id","url":"http://localhost:8080/sachivalayam/2","method":"GET","modified":"2023-12-01T04:15:50.718Z","created":"2023-12-01T04:15:50.718Z","_id":"1decc318-70e2-4584-98a3-400d5a755b8d","params":[],"tests":[]},{"containerId":"3c822370-2c4a-4df0-8e66-4fc2b36fba6d","sortNum":20000,"headers":[{"name":"Accept","value":"*/*"},{"name":"User-Agent","value":"Thunder Client (https://www.thunderclient.io)"}],"colId":"c885454c-25dc-401b-abe2-1095ca8095f5","name":"read all","url":"http://localhost:8080/ticket_attachments/getall","method":"GET","modified":"2023-12-01T04:15:50.718Z","created":"2023-12-01T04:15:50.718Z","_id":"1ed70bfb-0716-443d-8a6e-bfd0a6c0922f","params":[],"tests":[]},{"containerId":"a7a21d1d-ab3a-4c90-9608-3907f5f2bd10","sortNum":20000,"headers":[{"name":"Accept","value":"*/*"},{"name":"User-Agent","value":"Thunder Client (https://www.thunderclient.io)"}],"colId":"c885454c-25dc-401b-abe2-1095ca8095f5","name":"read by id","url":"http://localhost:8080/access_permissions/9","method":"GET","modified":"2023-12-01T04:15:50.718Z","created":"2023-12-01T04:15:50.718Z","_id":"258132f3-b05d-4119-ba58-c4026f4a4ba2","params":[],"tests":[]},{"containerId":"69ad5084-f888-4d1c-806c-4d87ece62499","sortNum":20000,"headers":[{"name":"Accept","value":"*/*"},{"name":"User-Agent","value":"Thunder Client (https://www.thunderclient.io)"}],"colId":"c885454c-25dc-401b-abe2-1095ca8095f5","name":"read all","url":"http://localhost:8080/parts/getall","method":"GET","modified":"2023-12-01T04:15:50.717Z","created":"2023-12-01T04:15:50.717Z","_id":"2d5b1548-cb00-4f20-9f05-9558b21383e0","params":[],"tests":[]},{"containerId":"83ca4373-adc9-4f70-a1bc-e1b9a03b97b5","sortNum":20000,"headers":[{"name":"Accept","value":"*/*"},{"name":"User-Agent","value":"Thunder Client (https://www.thunderclient.io)"}],"colId":"c885454c-25dc-401b-abe2-1095ca8095f5","name":"read by id","url":"http://localhost:8080/villages/10","method":"GET","modified":"2023-12-01T04:15:50.718Z","created":"2023-12-01T04:15:50.718Z","_id":"342d6583-e01f-458e-aa55-04f306644d3d","params":[],"tests":[]},{"containerId":"2a94ba25-e5d0-48e0-ae1f-779b25317522","sortNum":20000,"headers":[{"name":"Accept","value":"*/*"},{"name":"User-Agent","value":"Thunder Client (https://www.thunderclient.io)"}],"colId":"c885454c-25dc-401b-abe2-1095ca8095f5","name":"read all","url":"http://localhost:8080/sachivalayam/getall","method":"GET","modified":"2023-12-01T04:15:50.718Z","created":"2023-12-01T04:15:50.718Z","_id":"368b7e5b-36e8-4cf5-9d5c-e1c8cda2cff9","params":[],"tests":[]},{"containerId":"823c857e-15a3-438c-8762-04b21518cdb9","sortNum":20000,"headers":[{"name":"Accept","value":"*/*"},{"name":"User-Agent","value":"Thunder Client (https://www.thunderclient.io)"}],"colId":"c885454c-25dc-401b-abe2-1095ca8095f5","name":"read by id","url":"http://localhost:8080/ticket_escalation/4","method":"GET","modified":"2023-12-01T04:15:50.718Z","created":"2023-12-01T04:15:50.718Z","_id":"51e4265c-bebe-42fc-91fa-cadb278427b8","params":[],"tests":[]},{"containerId":"8c22a99d-8e06-4bb9-ae47-cb73d70e1ae0","sortNum":20000,"headers":[{"name":"Accept","value":"*/*"},{"name":"User-Agent","value":"Thunder Client (https://www.thunderclient.io)"}],"colId":"c885454c-25dc-401b-abe2-1095ca8095f5","name":"read by id","url":"http://localhost:8080/poll_survey/2","method":"GET","modified":"2023-12-01T04:15:50.718Z","created":"2023-12-01T04:15:50.718Z","_id":"554fed09-3b95-4cc3-83ce-138fbb9191b9","params":[],"tests":[]},{"containerId":"bad441fe-46c0-4cd9-8a1f-aa8b141e20d5","sortNum":20000,"headers":[{"name":"Accept","value":"*/*"},{"name":"User-Agent","value":"Thunder Client (https://www.thunderclient.io)"}],"colId":"c885454c-25dc-401b-abe2-1095ca8095f5","name":"read all","url":"http://localhost:8080/mandals/getall","method":"GET","modified":"2023-12-01T04:15:50.718Z","created":"2023-12-01T04:15:50.718Z","_id":"5e98773f-82aa-4273-98ad-e81f3d2c9726","params":[],"tests":[]},{"containerId":"365ed1f6-2282-46e4-bdfd-4d7c674e7220","sortNum":20000,"headers":[{"name":"Accept","value":"*/*"},{"name":"User-Agent","value":"Thunder Client (https://www.thunderclient.io)"}],"colId":"c885454c-25dc-401b-abe2-1095ca8095f5","name":"read all","url":"http://localhost:8080/divisions/getall","method":"GET","modified":"2023-12-01T04:15:50.717Z","created":"2023-12-01T04:15:50.717Z","_id":"6075c438-0ba4-49a5-9418-3f2cd14b7caf","params":[],"tests":[]},{"containerId":"68af3fc0-898e-4258-bc7f-d446eef302d2","sortNum":20000,"headers":[{"name":"Accept","value":"*/*"},{"name":"User-Agent","value":"Thunder Client (https://www.thunderclient.io)"}],"colId":"c885454c-25dc-401b-abe2-1095ca8095f5","name":"read by id","url":"http://localhost:8080/users/10","method":"GET","modified":"2023-12-01T04:15:50.718Z","created":"2023-12-01T04:15:50.718Z","_id":"6bfd075d-07b5-4f05-8f21-7c7c85e079c6","params":[],"tests":[]},{"containerId":"c7a821e5-3ea2-459d-ac52-1ac8217d765b","sortNum":20000,"headers":[{"name":"Accept","value":"*/*"},{"name":"User-Agent","value":"Thunder Client (https://www.thunderclient.io)"}],"colId":"c885454c-25dc-401b-abe2-1095ca8095f5","name":"read all","url":"http://localhost:8080/page_access/getall","method":"GET","modified":"2023-12-01T04:15:50.718Z","created":"2023-12-01T04:15:50.718Z","_id":"71f0261b-db0a-4890-97c6-2c2822373fc0","params":[],"tests":[]},{"containerId":"ab10d781-6768-4c23-8586-3e203e4ee18a","sortNum":20000,"headers":[{"name":"Accept","value":"*/*"},{"name":"User-Agent","value":"Thunder Client (https://www.thunderclient.io)"}],"colId":"c885454c-25dc-401b-abe2-1095ca8095f5","name":"read all","url":"http://localhost:8080/navaratnalu/getall","method":"GET","modified":"2023-12-01T04:15:50.717Z","created":"2023-12-01T04:15:50.717Z","_id":"7568bc36-d516-4be9-8ea4-cdf87bd485f2","params":[],"tests":[]},{"containerId":"83ca4373-adc9-4f70-a1bc-e1b9a03b97b5","sortNum":20000,"headers":[{"name":"Accept","value":"*/*"},{"name":"User-Agent","value":"Thunder Client (https://www.thunderclient.io)"}],"colId":"c885454c-25dc-401b-abe2-1095ca8095f5","name":"read all","url":"http://localhost:8080/villages/getall","method":"GET","modified":"2023-12-01T04:15:50.717Z","created":"2023-12-01T04:15:50.717Z","_id":"77b699d4-8cd6-4c8f-9b75-ed2b598adc39","params":[],"tests":[]},{"containerId":"afa79b9c-1c27-4194-b4a1-2dcafb18d195","sortNum":20000,"headers":[{"name":"Accept","value":"*/*"},{"name":"User-Agent","value":"Thunder Client (https://www.thunderclient.io)"}],"colId":"c885454c-25dc-401b-abe2-1095ca8095f5","name":"read by id","url":"http://localhost:8080/constituencies/4","method":"GET","modified":"2023-12-01T04:15:50.717Z","created":"2023-12-01T04:15:50.717Z","_id":"7b01758d-1b4d-437e-a095-142601c38db8","params":[],"tests":[]},{"containerId":"c7a821e5-3ea2-459d-ac52-1ac8217d765b","sortNum":20000,"headers":[{"name":"Accept","value":"*/*"},{"name":"User-Agent","value":"Thunder Client (https://www.thunderclient.io)"}],"colId":"c885454c-25dc-401b-abe2-1095ca8095f5","name":"read by id","url":"http://localhost:8080/page_access/2","method":"GET","modified":"2023-12-01T04:15:50.718Z","created":"2023-12-01T04:15:50.718Z","_id":"7b8ee09c-29fc-46e0-80c0-d64bf8d4c2a1","params":[],"tests":[]},{"containerId":"917a348e-e896-48e6-bed1-90995b2f707c","sortNum":20000,"headers":[{"name":"Accept","value":"*/*"},{"name":"User-Agent","value":"Thunder Client (https://www.thunderclient.io)"}],"colId":"c885454c-25dc-401b-abe2-1095ca8095f5","name":"read all","url":"http://localhost:8080/booths/getall","method":"GET","modified":"2023-12-01T04:15:50.718Z","created":"2023-12-01T04:15:50.718Z","_id":"7fc3062b-e7da-46b2-b698-63f37c8417e7","params":[],"tests":[]},{"containerId":"69ad5084-f888-4d1c-806c-4d87ece62499","sortNum":20000,"headers":[{"name":"Accept","value":"*/*"},{"name":"User-Agent","value":"Thunder Client (https://www.thunderclient.io)"}],"colId":"c885454c-25dc-401b-abe2-1095ca8095f5","name":"read by id","url":"http://localhost:8080/parts/2","method":"GET","modified":"2023-12-01T04:15:50.718Z","created":"2023-12-01T04:15:50.718Z","_id":"86471a3b-6c32-403c-8e07-80a11079aba7","params":[],"tests":[]},{"containerId":"85507e21-5064-4887-aa78-499bdb52da87","sortNum":20000,"headers":[{"name":"Accept","value":"*/*"},{"name":"User-Agent","value":"Thunder Client (https://www.thunderclient.io)"}],"colId":"c885454c-25dc-401b-abe2-1095ca8095f5","name":"read all","url":"http://localhost:8080/voters/getall","method":"GET","modified":"2023-12-01T04:15:50.717Z","created":"2023-12-01T04:15:50.717Z","_id":"8e78f444-b6c0-46a3-b63c-8097fc19a94f","params":[],"tests":[]},{"containerId":"3c822370-2c4a-4df0-8e66-4fc2b36fba6d","sortNum":20000,"headers":[{"name":"Accept","value":"*/*"},{"name":"User-Agent","value":"Thunder Client (https://www.thunderclient.io)"}],"colId":"c885454c-25dc-401b-abe2-1095ca8095f5","name":"read by id","url":"http://localhost:8080/ticket_attachments/5","method":"GET","modified":"2023-12-01T04:15:50.718Z","created":"2023-12-01T04:15:50.718Z","_id":"965ac754-7222-47f8-9282-053508f02136","params":[],"tests":[]},{"containerId":"462e1212-5adc-4aec-8302-149cb219b751","sortNum":20000,"headers":[{"name":"Accept","value":"*/*"},{"name":"User-Agent","value":"Thunder Client (https://www.thunderclient.io)"}],"colId":"c885454c-25dc-401b-abe2-1095ca8095f5","name":"read by id","url":"http://localhost:8080/ticket_master/4","method":"GET","modified":"2023-12-01T04:15:50.718Z","created":"2023-12-01T04:15:50.718Z","_id":"bc3bfa72-174b-4146-aef8-aa1bada64ce6","params":[],"tests":[]},{"containerId":"d9c60501-2257-447d-a190-a2212023bca8","sortNum":20000,"headers":[{"name":"Accept","value":"*/*"},{"name":"User-Agent","value":"Thunder Client (https://www.thunderclient.io)"}],"colId":"c885454c-25dc-401b-abe2-1095ca8095f5","name":"read by id","url":"http://localhost:8080/lookup/13","method":"GET","modified":"2023-12-01T04:15:50.717Z","created":"2023-12-01T04:15:50.717Z","_id":"be20389d-3c33-4ac7-a323-5fb7e24bc7c1","params":[],"tests":[]},{"containerId":"68af3fc0-898e-4258-bc7f-d446eef302d2","sortNum":20000,"headers":[{"name":"Accept","value":"*/*"},{"name":"User-Agent","value":"Thunder Client (https://www.thunderclient.io)"}],"colId":"c885454c-25dc-401b-abe2-1095ca8095f5","name":"read all","url":"http://localhost:8080/users/getall","method":"GET","modified":"2023-12-01T04:15:50.717Z","created":"2023-12-01T04:15:50.717Z","_id":"bf8996d3-dc1a-4163-ae9c-cc06dc2e528e","params":[],"tests":[]},{"containerId":"6f725276-fc4f-4db7-88ce-1f861509d5db","sortNum":20000,"headers":[{"name":"Accept","value":"*/*"},{"name":"User-Agent","value":"Thunder Client (https://www.thunderclient.io)"}],"colId":"c885454c-25dc-401b-abe2-1095ca8095f5","name":"read by id","url":"http://localhost:8080/states/27","method":"GET","modified":"2023-12-02T02:35:26.697Z","created":"2023-12-01T04:15:50.718Z","_id":"c54e1de9-7661-4ddc-9322-2e4ee45ec04a","params":[],"tests":[]},{"containerId":"823c857e-15a3-438c-8762-04b21518cdb9","sortNum":20000,"headers":[{"name":"Accept","value":"*/*"},{"name":"User-Agent","value":"Thunder Client (https://www.thunderclient.io)"}],"colId":"c885454c-25dc-401b-abe2-1095ca8095f5","name":"read all","url":"http://localhost:8080/ticket_escalation/getall","method":"GET","modified":"2023-12-01T04:15:50.718Z","created":"2023-12-01T04:15:50.718Z","_id":"d25c556e-28d3-4bd7-94fc-b9c70ee90d92","params":[],"tests":[]},{"containerId":"a40da29c-2ed0-401a-b1a2-c6cde0a58ed6","sortNum":20000,"headers":[{"name":"Accept","value":"*/*"},{"name":"User-Agent","value":"Thunder Client (https://www.thunderclient.io)"}],"colId":"c885454c-25dc-401b-abe2-1095ca8095f5","name":"read by id","url":"http://localhost:8080/districts/6","method":"GET","modified":"2023-12-01T04:15:50.718Z","created":"2023-12-01T04:15:50.718Z","_id":"d41956a0-2b52-48e9-bee8-e13b24620f1f","params":[],"tests":[]},{"containerId":"365ed1f6-2282-46e4-bdfd-4d7c674e7220","sortNum":20000,"headers":[{"name":"Accept","value":"*/*"},{"name":"User-Agent","value":"Thunder Client (https://www.thunderclient.io)"}],"colId":"c885454c-25dc-401b-abe2-1095ca8095f5","name":"read by id","url":"http://localhost:8080/divisions/6","method":"GET","modified":"2023-12-01T04:15:50.718Z","created":"2023-12-01T04:15:50.718Z","_id":"d8a716e5-515d-4982-a8e6-6f39469257ef","params":[],"tests":[]},{"containerId":"d9c60501-2257-447d-a190-a2212023bca8","sortNum":20000,"headers":[{"name":"Accept","value":"*/*"},{"name":"User-Agent","value":"Thunder Client (https://www.thunderclient.io)"}],"colId":"c885454c-25dc-401b-abe2-1095ca8095f5","name":"read all","url":"http://localhost:8080/lookup/getall","method":"GET","modified":"2023-12-01T04:15:50.717Z","created":"2023-12-01T04:15:50.717Z","_id":"e1d2e0fe-14b1-40f1-b7a6-d2966e04209d","params":[],"tests":[]},{"containerId":"917a348e-e896-48e6-bed1-90995b2f707c","sortNum":20000,"headers":[{"name":"Accept","value":"*/*"},{"name":"User-Agent","value":"Thunder Client (https://www.thunderclient.io)"}],"colId":"c885454c-25dc-401b-abe2-1095ca8095f5","name":"read by id","url":"http://localhost:8080/booths/1","method":"GET","modified":"2023-12-01T04:15:50.717Z","created":"2023-12-01T04:15:50.717Z","_id":"e45a7b29-0a89-4efd-9711-bd8bea13275b","params":[],"tests":[]},{"containerId":"fd0cb7e1-f1f5-4cf7-a229-1d24f4263408","sortNum":20000,"headers":[{"name":"Accept","value":"*/*"},{"name":"User-Agent","value":"Thunder Client (https://www.thunderclient.io)"}],"colId":"c885454c-25dc-401b-abe2-1095ca8095f5","name":"read by id","url":"http://localhost:8080/designation/1","method":"GET","modified":"2023-12-01T04:15:50.718Z","created":"2023-12-01T04:15:50.718Z","_id":"e48c81e6-1ac3-458d-aa29-3be648e12ec6","params":[],"tests":[]},{"containerId":"bad441fe-46c0-4cd9-8a1f-aa8b141e20d5","sortNum":20000,"headers":[{"name":"Accept","value":"*/*"},{"name":"User-Agent","value":"Thunder Client (https://www.thunderclient.io)"}],"colId":"c885454c-25dc-401b-abe2-1095ca8095f5","name":"read by id","url":"http://localhost:8080/mandals/2","method":"GET","modified":"2023-12-01T04:15:50.718Z","created":"2023-12-01T04:15:50.718Z","_id":"eb63dcec-21b9-445c-a718-d3e122967550","params":[],"tests":[]},{"containerId":"85507e21-5064-4887-aa78-499bdb52da87","sortNum":20000,"headers":[{"name":"Accept","value":"*/*"},{"name":"User-Agent","value":"Thunder Client (https://www.thunderclient.io)"}],"colId":"c885454c-25dc-401b-abe2-1095ca8095f5","name":"read by id","url":"http://localhost:8080/voters/10","method":"GET","modified":"2023-12-01T04:15:50.718Z","created":"2023-12-01T04:15:50.718Z","_id":"f768b7d1-46ff-457e-8116-6e66984307f4","params":[],"tests":[]},{"containerId":"6f725276-fc4f-4db7-88ce-1f861509d5db","sortNum":20000,"headers":[{"name":"Accept","value":"*/*"},{"name":"User-Agent","value":"Thunder Client (https://www.thunderclient.io)"}],"colId":"c885454c-25dc-401b-abe2-1095ca8095f5","name":"read all","url":"http://localhost:8080/states/getall","method":"GET","modified":"2023-12-01T04:15:50.718Z","created":"2023-12-01T04:15:50.718Z","_id":"fcbdedc8-61e6-457b-b2e6-e68a25a819a7","params":[],"tests":[]},{"containerId":"462e1212-5adc-4aec-8302-149cb219b751","sortNum":20000,"headers":[{"name":"Accept","value":"*/*"},{"name":"User-Agent","value":"Thunder Client (https://www.thunderclient.io)"}],"colId":"c885454c-25dc-401b-abe2-1095ca8095f5","name":"read all","url":"http://localhost:8080/ticket_master/getall","method":"GET","modified":"2023-12-01T04:15:50.717Z","created":"2023-12-01T04:15:50.717Z","_id":"fd2767b2-c760-4550-8dd7-d64223c02be6","params":[],"tests":[]},{"containerId":"ab10d781-6768-4c23-8586-3e203e4ee18a","sortNum":20000,"headers":[{"name":"Accept","value":"*/*"},{"name":"User-Agent","value":"Thunder Client (https://www.thunderclient.io)"}],"colId":"c885454c-25dc-401b-abe2-1095ca8095f5","name":"read by id","url":"http://localhost:8080/navaratnalu/2","method":"GET","modified":"2023-12-01T04:15:50.717Z","created":"2023-12-01T04:15:50.717Z","_id":"fd90970e-244e-4048-a528-e54538291350","params":[],"tests":[]},{"containerId":"c7a821e5-3ea2-459d-ac52-1ac8217d765b","sortNum":25000,"headers":[{"name":"Accept","value":"*/*"},{"name":"User-Agent","value":"Thunder Client (https://www.thunderclient.io)"}],"colId":"c885454c-25dc-401b-abe2-1095ca8095f5","name":"get all with join","url":"http://localhost:8080/getallpageaccesswithjoin","method":"GET","modified":"2023-12-01T06:02:19.184Z","created":"2023-12-01T06:01:41.867Z","_id":"2d44ce51-417e-4d5e-8785-9cacbc6c76c9","params":[],"tests":[]},{"containerId":"bad441fe-46c0-4cd9-8a1f-aa8b141e20d5","sortNum":25000,"headers":[{"name":"Accept","value":"*/*"},{"name":"User-Agent","value":"Thunder Client (https://www.thunderclient.io)"}],"colId":"c885454c-25dc-401b-abe2-1095ca8095f5","name":"get all with join","url":"http://localhost:8080/getallmandalswithjoin","method":"GET","modified":"2023-12-01T05:56:26.346Z","created":"2023-12-01T05:55:46.839Z","_id":"6f3ed315-1c24-4302-bd0c-6097bf38e156","params":[],"tests":[]},{"containerId":"69ad5084-f888-4d1c-806c-4d87ece62499","sortNum":30000,"headers":[{"name":"Accept","value":"*/*"},{"name":"User-Agent","value":"Thunder Client (https://www.thunderclient.io)"}],"colId":"c885454c-25dc-401b-abe2-1095ca8095f5","name":"get all by id ","url":"http://localhost:8080/parts-get-by-id/6","method":"GET","modified":"2023-12-01T04:15:50.719Z","created":"2023-12-01T04:15:50.719Z","_id":"36d98cac-7401-4dc3-b16f-046c4bb39b08","params":[],"tests":[]},{"containerId":"d9c60501-2257-447d-a190-a2212023bca8","sortNum":30000,"headers":[{"name":"Accept","value":"*/*"},{"name":"User-Agent","value":"Thunder Client (https://www.thunderclient.io)"}],"colId":"c885454c-25dc-401b-abe2-1095ca8095f5","name":"create","url":"http://localhost:8080/lookup/","method":"POST","modified":"2023-12-01T04:15:50.719Z","created":"2023-12-01T04:15:50.719Z","_id":"3e300be9-604d-41cc-abef-50993a9e12a5","params":[],"body":{"type":"json","raw":"{\n    \"lookup_name\": \"lookup\",\n    \"lookup_valuename\": \"valuename\"\n}","form":[]},"tests":[]},{"containerId":"2a94ba25-e5d0-48e0-ae1f-779b25317522","sortNum":30000,"headers":[{"name":"Accept","value":"*/*"},{"name":"User-Agent","value":"Thunder Client (https://www.thunderclient.io)"}],"colId":"c885454c-25dc-401b-abe2-1095ca8095f5","name":"read all by id ","url":"http://localhost:8080/sachivalayam-get-by-id/16","method":"GET","modified":"2023-12-01T04:15:50.719Z","created":"2023-12-01T04:15:50.719Z","_id":"4509a769-5429-47a2-a1d9-35ebeec3dfea","params":[],"tests":[]},{"containerId":"917a348e-e896-48e6-bed1-90995b2f707c","sortNum":30000,"headers":[{"name":"Accept","value":"*/*"},{"name":"User-Agent","value":"Thunder Client (https://www.thunderclient.io)"}],"colId":"c885454c-25dc-401b-abe2-1095ca8095f5","name":"create","url":"http://localhost:8080/booths/","method":"POST","modified":"2023-12-01T04:15:50.719Z","created":"2023-12-01T04:15:50.719Z","_id":"5d8e9159-3f0b-4295-8e7c-d779db702857","params":[],"body":{"type":"json","raw":"{\n    \"booth_no\":1,\n    \"sachivalayam_pk\": 6,\n    \"booth_name\":\"booth name\",\n    \"booth_fulladdress\": \"full address booth\"\n}","form":[]},"tests":[]},{"containerId":"68af3fc0-898e-4258-bc7f-d446eef302d2","sortNum":30000,"headers":[{"name":"Accept","value":"*/*"},{"name":"User-Agent","value":"Thunder Client (https://www.thunderclient.io)"}],"colId":"c885454c-25dc-401b-abe2-1095ca8095f5","name":"login test","url":"http://localhost:8080/users-login/","method":"POST","modified":"2023-12-01T04:15:50.719Z","created":"2023-12-01T04:15:50.719Z","_id":"69055d46-29f4-4b0c-a76f-77ae1ee3b696","params":[],"body":{"type":"json","raw":"{\n    \"phone_no\": \"9985079957\",\n    \"password\": \"1234\"\n}","form":[]},"tests":[]},{"containerId":"ab10d781-6768-4c23-8586-3e203e4ee18a","sortNum":30000,"headers":[{"name":"Accept","value":"*/*"},{"name":"User-Agent","value":"Thunder Client (https://www.thunderclient.io)"}],"colId":"c885454c-25dc-401b-abe2-1095ca8095f5","name":"create","url":"http://localhost:8080/navaratnalu/","method":"POST","modified":"2023-12-01T04:15:50.719Z","created":"2023-12-01T04:15:50.719Z","_id":"8b079912-e401-4b93-8e16-3a16d2aea2bb","params":[],"body":{"type":"json","raw":"{\n  \"navaratnalu_name\": \"YSR Asara\"   \n}","form":[]},"tests":[]},{"containerId":"85507e21-5064-4887-aa78-499bdb52da87","sortNum":30000,"headers":[{"name":"Accept","value":"*/*"},{"name":"User-Agent","value":"Thunder Client (https://www.thunderclient.io)"}],"colId":"c885454c-25dc-401b-abe2-1095ca8095f5","name":"create","url":"http://localhost:8080/voters/","method":"POST","modified":"2023-12-01T04:15:50.719Z","created":"2023-12-01T04:15:50.719Z","_id":"8d104fd3-00b0-458d-8eb1-73e79631df9a","params":[],"body":{"type":"json","raw":"{\n    \"part_no\": 2,\n    \"part_slno\": 2,\n    \"voter_name\": \"voter\",\n    \"voter_id\": \"voter-id\",\n    \"guardian\": 13,\n    \"guardian_name\": \"father\",\n    \"gender\": 13,\n    \"age\": 37,\n    \"phone_no\": \"1234567890\",\n    \"permenent_address\": \"house 1-2-3\",\n    \"current_address\": \"house 1-2-3\",\n    \"state_id\": 5,\n    \"consistency_id\": 4,\n    \"mandal_id\": 2,\n    \"division_id\": 16,\n    \"sachivalayam_id\": 6,\n    \"village_id\": 8\n}    ","form":[]},"tests":[]},{"containerId":"3c822370-2c4a-4df0-8e66-4fc2b36fba6d","sortNum":30000,"headers":[{"name":"Accept","value":"*/*"},{"name":"User-Agent","value":"Thunder Client (https://www.thunderclient.io)"}],"colId":"c885454c-25dc-401b-abe2-1095ca8095f5","name":"create","url":"http://localhost:8080/ticket_attachments/","method":"POST","modified":"2023-12-01T04:15:50.719Z","created":"2023-12-01T04:15:50.719Z","_id":"99214b42-6a4f-42cd-bdb3-3c93a5effa80","params":[],"body":{"type":"json","raw":"{\n    \"ticket_master_id\": 4,\n    \"attachment_name\": \"attachment-2\",\n    \"attachment_type\": \"type\",\n    \"attachment_discription\": \"discription\"\n}","form":[]},"tests":[]},{"containerId":"823c857e-15a3-438c-8762-04b21518cdb9","sortNum":30000,"headers":[{"name":"Accept","value":"*/*"},{"name":"User-Agent","value":"Thunder Client (https://www.thunderclient.io)"}],"colId":"c885454c-25dc-401b-abe2-1095ca8095f5","name":"create","url":"http://localhost:8080/ticket_escalation/","method":"POST","modified":"2023-12-01T04:15:50.719Z","created":"2023-12-01T04:15:50.719Z","_id":"a5a51429-a27c-40e1-9793-e375eccebd38","params":[],"body":{"type":"json","raw":"{\n   \"ticket_master_id\": 4 \n}","form":[]},"tests":[]},{"containerId":"a7a21d1d-ab3a-4c90-9608-3907f5f2bd10","sortNum":30000,"headers":[{"name":"Accept","value":"*/*"},{"name":"User-Agent","value":"Thunder Client (https://www.thunderclient.io)"}],"colId":"c885454c-25dc-401b-abe2-1095ca8095f5","name":"create","url":"http://localhost:8080/access_permissions/","method":"POST","modified":"2023-12-01T04:15:50.718Z","created":"2023-12-01T04:15:50.718Z","_id":"b54d7c6e-4b8a-4528-826f-9d451498feb5","params":[],"body":{"type":"json","raw":"{\n    \"user_id\": 12\n}","form":[]},"tests":[]},{"containerId":"a40da29c-2ed0-401a-b1a2-c6cde0a58ed6","sortNum":30000,"headers":[{"name":"Accept","value":"*/*"},{"name":"User-Agent","value":"Thunder Client (https://www.thunderclient.io)"}],"colId":"c885454c-25dc-401b-abe2-1095ca8095f5","name":"create","url":"http://localhost:8080/districts/","method":"POST","modified":"2023-12-01T04:15:50.719Z","created":"2023-12-01T04:15:50.719Z","_id":"bdc5af9c-cff7-4751-bea7-8cc1592c3f94","params":[],"body":{"type":"json","raw":"{\n    \"state_id\": 5,\n    \"district_name\": \"Vizianagaram\"\n}","form":[]},"tests":[]},{"containerId":"8c22a99d-8e06-4bb9-ae47-cb73d70e1ae0","sortNum":30000,"headers":[{"name":"Accept","value":"*/*"},{"name":"User-Agent","value":"Thunder Client (https://www.thunderclient.io)"}],"colId":"c885454c-25dc-401b-abe2-1095ca8095f5","name":"create","url":"http://localhost:8080/poll_survey/","method":"POST","modified":"2023-12-01T04:15:50.719Z","created":"2023-12-01T04:15:50.719Z","_id":"bee14736-eb66-42cd-b908-da3aa37e8227","params":[],"body":{"type":"json","raw":"{\n    \"volunteer_id\": 1,\n    \"voter_pk\": 1,\n    \"intrested_party\": 14,\n    \"voted_party\": 1\n}","form":[]},"tests":[]},{"containerId":"6f725276-fc4f-4db7-88ce-1f861509d5db","sortNum":30000,"headers":[{"name":"Accept","value":"*/*"},{"name":"User-Agent","value":"Thunder Client (https://www.thunderclient.io)"}],"colId":"c885454c-25dc-401b-abe2-1095ca8095f5","name":"create","url":"http://localhost:8080/states/","method":"POST","modified":"2023-12-02T02:06:37.144Z","created":"2023-12-01T04:15:50.719Z","_id":"c0fe48a6-16c4-4202-91d1-106586ca0b71","params":[],"body":{"type":"json","raw":"{\n    \"state_name\": \"Kerala\" \n}","form":[]},"tests":[]},{"containerId":"c7a821e5-3ea2-459d-ac52-1ac8217d765b","sortNum":30000,"headers":[{"name":"Accept","value":"*/*"},{"name":"User-Agent","value":"Thunder Client (https://www.thunderclient.io)"}],"colId":"c885454c-25dc-401b-abe2-1095ca8095f5","name":"create","url":"http://localhost:8080/page_access/","method":"POST","modified":"2023-12-01T04:15:50.719Z","created":"2023-12-01T04:15:50.719Z","_id":"c6090dba-4134-49e1-8368-90bd7d86fd06","params":[],"body":{"type":"json","raw":"{\n    \"user_id\": 12,\n    \"pagename\": \"dashbord page\"\n}","form":[]},"tests":[]},{"containerId":"fd0cb7e1-f1f5-4cf7-a229-1d24f4263408","sortNum":30000,"headers":[{"name":"Accept","value":"*/*"},{"name":"User-Agent","value":"Thunder Client (https://www.thunderclient.io)"}],"colId":"c885454c-25dc-401b-abe2-1095ca8095f5","name":"create","url":"http://localhost:8080/designation/","method":"POST","modified":"2023-12-01T04:15:50.719Z","created":"2023-12-01T04:15:50.719Z","_id":"ccbf0434-8446-4e2c-8bc4-a11f0a163983","params":[],"body":{"type":"json","raw":"{\n    \"designation_name\": \"designation-1\"\n}","form":[]},"tests":[]},{"containerId":"365ed1f6-2282-46e4-bdfd-4d7c674e7220","sortNum":30000,"headers":[{"name":"Accept","value":"*/*"},{"name":"User-Agent","value":"Thunder Client (https://www.thunderclient.io)"}],"colId":"c885454c-25dc-401b-abe2-1095ca8095f5","name":"get all by id ","url":"http://localhost:8080/divisions-get-by-id/2","method":"GET","modified":"2023-12-01T04:15:50.719Z","created":"2023-12-01T04:15:50.719Z","_id":"db3577b6-b870-47c7-bc35-0880bd5add66","params":[],"tests":[]},{"containerId":"afa79b9c-1c27-4194-b4a1-2dcafb18d195","sortNum":30000,"headers":[{"name":"Accept","value":"*/*"},{"name":"User-Agent","value":"Thunder Client (https://www.thunderclient.io)"}],"colId":"c885454c-25dc-401b-abe2-1095ca8095f5","name":"create","url":"http://localhost:8080/constituencies/","method":"POST","modified":"2023-12-01T04:15:50.719Z","created":"2023-12-01T04:15:50.719Z","_id":"e442e466-2ce6-43ed-8652-b562519eea70","params":[],"body":{"type":"json","raw":"{\n    \"consistency_id\": 1,\n    \"district_pk\": 6,\n    \"consistency_name\": \"consistency\"\n}","form":[]},"tests":[]},{"containerId":"bad441fe-46c0-4cd9-8a1f-aa8b141e20d5","sortNum":30000,"headers":[{"name":"Accept","value":"*/*"},{"name":"User-Agent","value":"Thunder Client (https://www.thunderclient.io)"}],"colId":"c885454c-25dc-401b-abe2-1095ca8095f5","name":"create","url":"http://localhost:8080/mandals/","method":"POST","modified":"2023-12-01T04:15:50.719Z","created":"2023-12-01T04:15:50.719Z","_id":"e6732618-b43c-46e8-a8c7-52325ea58f13","params":[],"body":{"type":"json","raw":"{\n    \"consistency_id\": 3,\n    \"mandal_name\": \"mandal\"\n}","form":[]},"tests":[]},{"containerId":"83ca4373-adc9-4f70-a1bc-e1b9a03b97b5","sortNum":30000,"headers":[{"name":"Accept","value":"*/*"},{"name":"User-Agent","value":"Thunder Client (https://www.thunderclient.io)"}],"colId":"c885454c-25dc-401b-abe2-1095ca8095f5","name":"get all by id ","url":"http://localhost:8080/villages-get-by-id/2","method":"GET","modified":"2023-12-01T04:15:50.719Z","created":"2023-12-01T04:15:50.719Z","_id":"e737621e-2901-49da-9287-4a304255c232","params":[],"tests":[]},{"containerId":"462e1212-5adc-4aec-8302-149cb219b751","sortNum":30000,"headers":[{"name":"Accept","value":"*/*"},{"name":"User-Agent","value":"Thunder Client (https://www.thunderclient.io)"}],"colId":"c885454c-25dc-401b-abe2-1095ca8095f5","name":"create","url":"http://localhost:8080/ticket_master/","method":"POST","modified":"2023-12-01T04:15:50.719Z","created":"2023-12-01T04:15:50.719Z","_id":"f0eafb63-1673-4ade-9b86-8bd9ed960bbe","params":[],"body":{"type":"json","raw":"{\n    \"voter_pk\": 1,\n    \"volunteer_id\": 11,\n    \"navaratnalu_id\":2,\n    \"reason\": \"reason-1\"\n}    ","form":[]},"tests":[]},{"containerId":"a40da29c-2ed0-401a-b1a2-c6cde0a58ed6","sortNum":35000,"headers":[{"name":"Accept","value":"*/*"},{"name":"User-Agent","value":"Thunder Client (https://www.thunderclient.io)"}],"colId":"c885454c-25dc-401b-abe2-1095ca8095f5","name":"update","url":"http://localhost:8080/districts/16","method":"PUT","modified":"2023-12-02T02:50:45.746Z","created":"2023-12-02T02:49:14.992Z","_id":"87b1744b-85c3-4933-ab0b-fb5e1c6c5ce0","params":[],"body":{"type":"json","raw":"{\n    \"state_id\": 5,\n    \"district_name\": \"srikakulam\"\n}","form":[]},"tests":[]},{"containerId":"69ad5084-f888-4d1c-806c-4d87ece62499","sortNum":35000,"headers":[{"name":"Accept","value":"*/*"},{"name":"User-Agent","value":"Thunder Client (https://www.thunderclient.io)"}],"colId":"c885454c-25dc-401b-abe2-1095ca8095f5","name":"get all with join","url":"http://localhost:8080/getallpartswithjoin","method":"GET","modified":"2023-12-01T06:09:18.947Z","created":"2023-12-01T06:08:42.790Z","_id":"98e02d3c-38d6-4748-b426-ab924a564679","params":[],"tests":[]},{"containerId":"365ed1f6-2282-46e4-bdfd-4d7c674e7220","sortNum":35000,"headers":[{"name":"Accept","value":"*/*"},{"name":"User-Agent","value":"Thunder Client (https://www.thunderclient.io)"}],"colId":"c885454c-25dc-401b-abe2-1095ca8095f5","name":"get all with join","url":"http://localhost:8080/getalldivisionswithjoin","method":"GET","modified":"2023-12-01T05:49:42.862Z","created":"2023-12-01T05:49:09.970Z","_id":"b13d2eb5-014b-4125-a456-b7631e37b4d5","params":[],"tests":[]},{"containerId":"85507e21-5064-4887-aa78-499bdb52da87","sortNum":40000,"headers":[{"name":"Accept","value":"*/*"},{"name":"User-Agent","value":"Thunder Client (https://www.thunderclient.io)"}],"colId":"c885454c-25dc-401b-abe2-1095ca8095f5","name":"get all with join","url":"http://localhost:8080/getallvoterswithjoin","method":"GET","modified":"2023-12-01T04:15:50.719Z","created":"2023-12-01T04:15:50.719Z","_id":"04ef54f3-1be6-4f71-9c14-0a6802d05680","params":[],"tests":[]},{"containerId":"462e1212-5adc-4aec-8302-149cb219b751","sortNum":40000,"headers":[{"name":"Accept","value":"*/*"},{"name":"User-Agent","value":"Thunder Client (https://www.thunderclient.io)"}],"colId":"c885454c-25dc-401b-abe2-1095ca8095f5","name":"get all with join","url":"http://localhost:8080/getallticketmasterwithjoin","method":"GET","modified":"2023-12-01T04:15:50.719Z","created":"2023-12-01T04:15:50.719Z","_id":"05330a52-17b2-4860-a0ed-b2dce9a32a9a","params":[],"body":{"type":"json","raw":"{\n    \"voter_pk\": 1,\n    \"volunteer_id\": 11,\n    \"navaratnalu_id\":2,\n    \"reason\": \"reason-1\"\n}    ","form":[]},"tests":[]},{"containerId":"823c857e-15a3-438c-8762-04b21518cdb9","sortNum":40000,"headers":[{"name":"Accept","value":"*/*"},{"name":"User-Agent","value":"Thunder Client (https://www.thunderclient.io)"}],"colId":"c885454c-25dc-401b-abe2-1095ca8095f5","name":"get all with join","url":"http://localhost:8080/getallticketescalationwithjoin","method":"GET","modified":"2023-12-01T04:43:46.230Z","created":"2023-12-01T04:42:42.166Z","_id":"1ab0c76a-97e7-4557-bcb9-629a4b1844d6","params":[],"body":{"type":"json","raw":"{\n   \"ticket_master_id\": 4 \n}","form":[]},"tests":[]},{"containerId":"8c22a99d-8e06-4bb9-ae47-cb73d70e1ae0","sortNum":40000,"headers":[{"name":"Accept","value":"*/*"},{"name":"User-Agent","value":"Thunder Client (https://www.thunderclient.io)"}],"colId":"c885454c-25dc-401b-abe2-1095ca8095f5","name":"get all with join","url":"http://localhost:8080/getallpollsurveywithjoin","method":"GET","modified":"2023-12-01T05:26:19.966Z","created":"2023-12-01T05:25:15.222Z","_id":"445fa129-1c94-4d99-9ddd-c44d59c60c54","params":[],"tests":[]},{"containerId":"69ad5084-f888-4d1c-806c-4d87ece62499","sortNum":40000,"headers":[{"name":"Accept","value":"*/*"},{"name":"User-Agent","value":"Thunder Client (https://www.thunderclient.io)"}],"colId":"c885454c-25dc-401b-abe2-1095ca8095f5","name":"create","url":"http://localhost:8080/parts/","method":"POST","modified":"2023-12-01T04:15:50.720Z","created":"2023-12-01T04:15:50.720Z","_id":"44ba4c19-a0b5-4051-b459-712373a139e7","params":[],"body":{"type":"json","raw":"{\n    \"part_no\": 2,\n    \"male_votes\": 10,\n    \"female_votes\": 10, \n    \"other_votes\": 10,\n    \"sachivalayam_id\": 6   \n}","form":[]},"tests":[]},{"containerId":"6f725276-fc4f-4db7-88ce-1f861509d5db","sortNum":40000,"headers":[{"name":"Accept","value":"*/*"},{"name":"User-Agent","value":"Thunder Client (https://www.thunderclient.io)"}],"colId":"c885454c-25dc-401b-abe2-1095ca8095f5","name":"update","url":"http://localhost:8080/states/27","method":"PUT","modified":"2023-12-02T02:28:26.471Z","created":"2023-12-02T02:23:15.679Z","_id":"70572247-6c6b-47db-9b7a-b8d2fe039046","params":[],"body":{"type":"json","raw":"{\n    \"state_name\": \"Kerala\" \n}","form":[]},"tests":[]},{"containerId":"365ed1f6-2282-46e4-bdfd-4d7c674e7220","sortNum":40000,"headers":[{"name":"Accept","value":"*/*"},{"name":"User-Agent","value":"Thunder Client (https://www.thunderclient.io)"}],"colId":"c885454c-25dc-401b-abe2-1095ca8095f5","name":"create","url":"http://localhost:8080/divisions/","method":"POST","modified":"2023-12-01T04:15:50.720Z","created":"2023-12-01T04:15:50.720Z","_id":"9db23d64-f559-49e3-baeb-321143d00004","params":[],"body":{"type":"json","raw":"{\n    \"mandal_id\": 6,\n    \"division_name\": \"division-2\"\n}","form":[]},"tests":[]},{"containerId":"68af3fc0-898e-4258-bc7f-d446eef302d2","sortNum":40000,"headers":[{"name":"Accept","value":"*/*"},{"name":"User-Agent","value":"Thunder Client (https://www.thunderclient.io)"}],"colId":"c885454c-25dc-401b-abe2-1095ca8095f5","name":"create","url":"http://localhost:8080/users/","method":"POST","modified":"2023-12-01T08:10:10.727Z","created":"2023-12-01T04:15:50.719Z","_id":"a47b2f9d-d6ec-4901-af32-ca7f92486355","params":[],"body":{"type":"json","raw":"{\n    \"user_displayname\": \"B.Sri Hari\",\n    \"username\": \"B.Sri Hari\",\n    \"password\": \"1234\",\n    \"phone_no\": \"8919757345\",\n    \"designation_id\": 33,\n    \"state_id\": 5,\n    \"consistency_id\": 3,\n    \"mandal_id\": 3,\n    \"district_id\": 6\n}","form":[]},"tests":[]},{"containerId":"a40da29c-2ed0-401a-b1a2-c6cde0a58ed6","sortNum":40000,"headers":[{"name":"Accept","value":"*/*"},{"name":"User-Agent","value":"Thunder Client (https://www.thunderclient.io)"}],"colId":"c885454c-25dc-401b-abe2-1095ca8095f5","name":"get all with join","url":"http://localhost:8080/getalldistrictswithjoin","method":"GET","modified":"2023-12-01T05:45:12.493Z","created":"2023-12-01T05:44:20.433Z","_id":"a8e7313b-54ef-40fc-a38c-85d6c781e2aa","params":[],"tests":[]},{"containerId":"3c822370-2c4a-4df0-8e66-4fc2b36fba6d","sortNum":40000,"headers":[{"name":"Accept","value":"*/*"},{"name":"User-Agent","value":"Thunder Client (https://www.thunderclient.io)"}],"colId":"c885454c-25dc-401b-abe2-1095ca8095f5","name":"get all with join","url":"http://localhost:8080/getallticketattachmentswithjoin","method":"GET","modified":"2023-12-01T04:56:05.469Z","created":"2023-12-01T04:54:36.003Z","_id":"ad490a6a-621d-44a8-b4ed-461119a8ef3e","params":[],"tests":[]},{"containerId":"83ca4373-adc9-4f70-a1bc-e1b9a03b97b5","sortNum":40000,"headers":[{"name":"Accept","value":"*/*"},{"name":"User-Agent","value":"Thunder Client (https://www.thunderclient.io)"}],"colId":"c885454c-25dc-401b-abe2-1095ca8095f5","name":"create","url":"http://localhost:8080/villages/","method":"POST","modified":"2023-12-01T04:15:50.719Z","created":"2023-12-01T04:15:50.719Z","_id":"bc75f3a3-f898-4979-90ed-18cfbb206663","params":[],"body":{"type":"json","raw":"{\n    \"village_name\": \"village-3\",\n    \"part_no\": 2\n}","form":[]},"tests":[]},{"containerId":"afa79b9c-1c27-4194-b4a1-2dcafb18d195","sortNum":40000,"headers":[{"name":"Accept","value":"*/*"},{"name":"User-Agent","value":"Thunder Client (https://www.thunderclient.io)"}],"colId":"c885454c-25dc-401b-abe2-1095ca8095f5","name":"get all with join","url":"http://localhost:8080/getallconstituencieswithjoin","method":"GET","modified":"2023-12-01T05:39:15.709Z","created":"2023-12-01T05:38:26.882Z","_id":"bccf32aa-5361-4eb5-95c4-612f3d509f5a","params":[],"body":{"type":"json","raw":"{\n    \"consistency_id\": 1,\n    \"district_pk\": 6,\n    \"consistency_name\": \"consistency\"\n}","form":[]},"tests":[]},{"containerId":"2a94ba25-e5d0-48e0-ae1f-779b25317522","sortNum":40000,"headers":[{"name":"Accept","value":"*/*"},{"name":"User-Agent","value":"Thunder Client (https://www.thunderclient.io)"}],"colId":"c885454c-25dc-401b-abe2-1095ca8095f5","name":"create","url":"http://localhost:8080/sachivalayam/","method":"POST","modified":"2023-12-01T04:15:50.719Z","created":"2023-12-01T04:15:50.719Z","_id":"cc34d653-4ed0-4a84-a829-ccb4bb2a9c41","params":[],"body":{"type":"json","raw":"{\n    \"division_pk\": 8,\n    \"sachivalayam_name\": \"sachivalayam-3\"\n}","form":[]},"tests":[]},{"containerId":"83ca4373-adc9-4f70-a1bc-e1b9a03b97b5","sortNum":50000,"headers":[{"name":"Accept","value":"*/*"},{"name":"User-Agent","value":"Thunder Client (https://www.thunderclient.io)"}],"colId":"c885454c-25dc-401b-abe2-1095ca8095f5","name":"get all with join","url":"http://localhost:8080/getallvillageswithjoin","method":"GET","modified":"2023-12-01T04:15:50.720Z","created":"2023-12-01T04:15:50.720Z","_id":"1d5d5bdd-f0f1-4c6b-9e5b-8fd9ee6be3c9","params":[],"tests":[]},{"containerId":"68af3fc0-898e-4258-bc7f-d446eef302d2","sortNum":50000,"headers":[{"name":"Accept","value":"*/*"},{"name":"User-Agent","value":"Thunder Client (https://www.thunderclient.io)"}],"colId":"c885454c-25dc-401b-abe2-1095ca8095f5","name":"get all with join","url":"http://localhost:8080/getalluserswithjoin","method":"GET","modified":"2023-12-01T04:15:50.720Z","created":"2023-12-01T04:15:50.720Z","_id":"46b6c8b2-08ab-486c-941f-3735c940388c","params":[],"body":{"type":"json","raw":"{\n    \"user_displayname\": \"B.Sri Hari\",\n    \"user_name\": \"B.Sri Hari\",\n    \"password\": \"1234\",\n    \"phone_no\": \"8919757345\",\n    \"designation_id\": 33,\n    \"state_id\": 5,\n    \"consistency_id\": 3,\n    \"mandal_id\": 3,\n    \"district_id\": 6\n}","form":[]},"tests":[]},{"containerId":"85507e21-5064-4887-aa78-499bdb52da87","sortNum":50000,"headers":[{"name":"Accept","value":"*/*"},{"name":"User-Agent","value":"Thunder Client (https://www.thunderclient.io)"}],"colId":"c885454c-25dc-401b-abe2-1095ca8095f5","name":"get all with join and with where","url":"http://localhost:8080/getallvoterswithjoinandwhere","method":"POST","modified":"2023-12-01T04:15:50.720Z","created":"2023-12-01T04:15:50.720Z","_id":"4df48027-51b4-4736-b913-037563f73d50","params":[],"body":{"type":"json","raw":"{\n \"state_id\": 5,\n \"district_id\": 6,\n \"consistency_id\": 3,\n \"mandal_id\": 2,\n \"division_id\": 16,\n \"sachivalayam_id\": 6,\n \"part_no\": 2,\n \"village_id\": 7\n}","form":[]},"tests":[]},{"containerId":"2a94ba25-e5d0-48e0-ae1f-779b25317522","sortNum":50000,"headers":[{"name":"Accept","value":"*/*"},{"name":"User-Agent","value":"Thunder Client (https://www.thunderclient.io)"}],"colId":"c885454c-25dc-401b-abe2-1095ca8095f5","name":"get all with join","url":"http://localhost:8080/getallsachivalayamwithjoin","method":"GET","modified":"2023-12-01T05:04:43.122Z","created":"2023-12-01T05:03:32.423Z","_id":"72f66619-3d62-414b-9e90-efed184d2132","params":[],"tests":[]},{"containerId":"68af3fc0-898e-4258-bc7f-d446eef302d2","sortNum":60000,"headers":[{"name":"Accept","value":"*/*"},{"name":"User-Agent","value":"Thunder Client (https://www.thunderclient.io)"}],"colId":"c885454c-25dc-401b-abe2-1095ca8095f5","name":"get all with join and with where","url":"http://localhost:8080/getalluserswithjoinandwhere","method":"POST","modified":"2023-12-01T04:15:50.720Z","created":"2023-12-01T04:15:50.720Z","_id":"e5e4b673-5742-4de3-ae68-a37a6eca7e98","params":[],"body":{"type":"json","raw":"{\n \"state_id\": 5,\n \"district_id\": 6,\n \"consistency_id\": 3,\n \"mandal_id\": 2,\n \"division_id\": 16,\n \"sachivalayam_id\": null,\n \"part_no\": null,\n \"village_id\": 7\n}","form":[]},"tests":[]},{"containerId":"68af3fc0-898e-4258-bc7f-d446eef302d2","sortNum":70000,"headers":[{"name":"Accept","value":"*/*"},{"name":"User-Agent","value":"Thunder Client (https://www.thunderclient.io)"}],"colId":"c885454c-25dc-401b-abe2-1095ca8095f5","name":"get all below users","url":"http://localhost:8080/getallbellowuser","method":"POST","modified":"2023-12-01T17:46:29.306Z","created":"2023-12-01T07:11:49.233Z","_id":"01a28633-a082-4d28-b1e5-4e546b810aaf","params":[],"body":{"type":"json","raw":"{\n \"designation_id\": 35\n}","form":[]},"tests":[]}]}
