{"client":"Thunder Client","collectionName":"poll","dateExported":"2023-12-06T04:50:10.128Z","version":"1.1","folders":[{"containerId":"","sortNum":10000,"name":"access_permissions_apis","_id":"8a02defb-eff6-4775-82b0-810aec370a96","created":"2023-12-05T05:09:56.063Z"},{"containerId":"","sortNum":20000,"name":"booths_apis","_id":"1a4e520f-1942-4b2c-970c-741b6d73c3b5","created":"2023-12-05T05:09:56.063Z"},{"containerId":"","sortNum":30000,"name":"constituencies_apis","_id":"4c576b29-3d61-4c0d-906b-0dd08f41a55f","created":"2023-12-05T05:09:56.063Z"},{"containerId":"","sortNum":40000,"name":"designation_apis ","_id":"137b9f15-7f42-439c-a708-8c5c0a2e73de","created":"2023-12-05T05:09:56.063Z"},{"containerId":"","sortNum":50000,"name":"districts_apis","_id":"8cfb42bb-9adb-4f2e-ac70-26c7e2443a57","created":"2023-12-05T05:09:56.063Z"},{"containerId":"","sortNum":60000,"name":"divisions_apis","_id":"a4ea90a2-67cc-4ffe-8a20-b217765fd76c","created":"2023-12-05T05:09:56.063Z"},{"containerId":"","sortNum":70000,"name":"lookup_apis","_id":"69aa0d5c-440d-4e25-9678-0b2a9b81ddb0","created":"2023-12-05T05:09:56.063Z"},{"containerId":"","sortNum":80000,"name":"mandals_apis","_id":"560fa3e4-f5c8-4a6f-977f-c92f00dc6a38","created":"2023-12-05T05:09:56.063Z"},{"containerId":"","sortNum":90000,"name":"navaratnalu_apis","_id":"03d8ee28-3a9e-4311-9eac-d51f03015339","created":"2023-12-05T05:09:56.063Z"},{"containerId":"","sortNum":100000,"name":"page_access_apis","_id":"9c2a778a-219e-4858-ab49-3b66a0bf3723","created":"2023-12-05T05:09:56.063Z"},{"containerId":"","sortNum":110000,"name":"parts_apis ","_id":"f92c6bff-4776-40f8-aa32-6540be1d9e62","created":"2023-12-05T05:09:56.063Z"},{"containerId":"","sortNum":120000,"name":"poll_survey_apis ","_id":"66d5f2fb-c460-42c0-8b8b-a5bf969e56d7","created":"2023-12-05T05:09:56.063Z"},{"containerId":"","sortNum":130000,"name":"sachivalayam_apis ","_id":"2954c51b-7335-4f7d-83f3-28c06e23c6aa","created":"2023-12-05T05:09:56.063Z"},{"containerId":"","sortNum":140000,"name":"states_apis","_id":"ec5132bf-e871-450f-b671-84ba778efcda","created":"2023-12-05T05:09:56.063Z"},{"containerId":"","sortNum":150000,"name":"ticket_attachments_apis","_id":"4eb6577a-3887-41c2-a924-82bbcbdafe85","created":"2023-12-05T05:09:56.063Z"},{"containerId":"","sortNum":160000,"name":"ticket_escalation_apis","_id":"b733102e-d6eb-4748-acd6-cbe50462ddea","created":"2023-12-05T05:09:56.063Z"},{"containerId":"","sortNum":170000,"name":"ticket_master_apis ","_id":"b70ac1e4-ef19-4296-afa2-77a873adbd0a","created":"2023-12-05T05:09:56.063Z"},{"containerId":"","sortNum":180000,"name":"users_apis ","_id":"67ead205-acb4-4622-8d25-e93166d86325","created":"2023-12-05T05:09:56.063Z"},{"containerId":"","sortNum":190000,"name":"villages_apis ","_id":"6f423431-60a8-42f3-99ea-014d38c5f955","created":"2023-12-05T05:09:56.063Z"},{"containerId":"","sortNum":200000,"name":"voters_apis","_id":"2bb42229-da50-4aee-94f0-f2151f6bfa1c","created":"2023-12-05T05:09:56.063Z"}],"requests":[{"containerId":"8a02defb-eff6-4775-82b0-810aec370a96","sortNum":10000,"headers":[{"name":"Accept","value":"*/*"},{"name":"User-Agent","value":"Thunder Client (https://www.thunderclient.io)"}],"colId":"e577fa02-32e8-454a-bf43-9c218481a633","name":"read all","url":"http://localhost:8080/access_permissions/getall","method":"GET","modified":"2023-12-05T05:09:56.067Z","created":"2023-12-05T05:09:56.067Z","_id":"b8061b1a-092d-42ce-849d-be3efd7abd4b","params":[],"tests":[]},{"containerId":"67ead205-acb4-4622-8d25-e93166d86325","sortNum":20000,"headers":[{"name":"Accept","value":"*/*"},{"name":"User-Agent","value":"Thunder Client (https://www.thunderclient.io)"}],"colId":"e577fa02-32e8-454a-bf43-9c218481a633","name":"read by id","url":"http://localhost:8080/users/10","method":"GET","modified":"2023-12-05T05:09:56.067Z","created":"2023-12-05T05:09:56.067Z","_id":"02ef71ea-bda7-4b9e-85b6-248146e4ab73","params":[],"tests":[]},{"containerId":"4eb6577a-3887-41c2-a924-82bbcbdafe85","sortNum":20000,"headers":[{"name":"Accept","value":"*/*"},{"name":"User-Agent","value":"Thunder Client (https://www.thunderclient.io)"}],"colId":"e577fa02-32e8-454a-bf43-9c218481a633","name":"read by id","url":"http://localhost:8080/ticket_attachments/5","method":"GET","modified":"2023-12-05T05:09:56.067Z","created":"2023-12-05T05:09:56.067Z","_id":"0e95be30-6f2d-476d-a61c-cbeac3b51c7f","params":[],"tests":[]},{"containerId":"1a4e520f-1942-4b2c-970c-741b6d73c3b5","sortNum":20000,"headers":[{"name":"Accept","value":"*/*"},{"name":"User-Agent","value":"Thunder Client (https://www.thunderclient.io)"}],"colId":"e577fa02-32e8-454a-bf43-9c218481a633","name":"read all","url":"http://localhost:8080/booths/getall","method":"GET","modified":"2023-12-05T05:09:56.067Z","created":"2023-12-05T05:09:56.067Z","_id":"1372c22b-d6f7-4b51-a4d4-473ce6f04eb2","params":[],"tests":[]},{"containerId":"4eb6577a-3887-41c2-a924-82bbcbdafe85","sortNum":20000,"headers":[{"name":"Accept","value":"*/*"},{"name":"User-Agent","value":"Thunder Client (https://www.thunderclient.io)"}],"colId":"e577fa02-32e8-454a-bf43-9c218481a633","name":"read all","url":"http://localhost:8080/ticket_attachments/getall","method":"GET","modified":"2023-12-05T05:09:56.067Z","created":"2023-12-05T05:09:56.067Z","_id":"16b85b2a-662f-4e47-8efc-b8c02ec21b94","params":[],"tests":[]},{"containerId":"2954c51b-7335-4f7d-83f3-28c06e23c6aa","sortNum":20000,"headers":[{"name":"Accept","value":"*/*"},{"name":"User-Agent","value":"Thunder Client (https://www.thunderclient.io)"}],"colId":"e577fa02-32e8-454a-bf43-9c218481a633","name":"read all","url":"http://localhost:8080/sachivalayam/getall","method":"GET","modified":"2023-12-05T05:09:56.067Z","created":"2023-12-05T05:09:56.067Z","_id":"17cb8ec0-b7c6-4236-8a8c-9aaed3e78530","params":[],"tests":[]},{"containerId":"a4ea90a2-67cc-4ffe-8a20-b217765fd76c","sortNum":20000,"headers":[{"name":"Accept","value":"*/*"},{"name":"User-Agent","value":"Thunder Client (https://www.thunderclient.io)"}],"colId":"e577fa02-32e8-454a-bf43-9c218481a633","name":"read by id","url":"http://localhost:8080/divisions/6","method":"GET","modified":"2023-12-05T05:09:56.067Z","created":"2023-12-05T05:09:56.067Z","_id":"1d20c132-6512-46d9-a0a4-be28d86a2f08","params":[],"tests":[]},{"containerId":"66d5f2fb-c460-42c0-8b8b-a5bf969e56d7","sortNum":20000,"headers":[{"name":"Accept","value":"*/*"},{"name":"User-Agent","value":"Thunder Client (https://www.thunderclient.io)"}],"colId":"e577fa02-32e8-454a-bf43-9c218481a633","name":"read by id","url":"http://localhost:8080/poll_survey/2","method":"GET","modified":"2023-12-05T05:09:56.067Z","created":"2023-12-05T05:09:56.067Z","_id":"256585f3-a8b9-4434-9f36-2b6e67927e32","params":[],"tests":[]},{"containerId":"137b9f15-7f42-439c-a708-8c5c0a2e73de","sortNum":20000,"headers":[{"name":"Accept","value":"*/*"},{"name":"User-Agent","value":"Thunder Client (https://www.thunderclient.io)"}],"colId":"e577fa02-32e8-454a-bf43-9c218481a633","name":"read all","url":"http://localhost:8080/designation/getall","method":"GET","modified":"2023-12-05T05:09:56.067Z","created":"2023-12-05T05:09:56.067Z","_id":"261d24f0-6e86-44f9-8895-51ab218c70f3","params":[],"tests":[]},{"containerId":"03d8ee28-3a9e-4311-9eac-d51f03015339","sortNum":20000,"headers":[{"name":"Accept","value":"*/*"},{"name":"User-Agent","value":"Thunder Client (https://www.thunderclient.io)"}],"colId":"e577fa02-32e8-454a-bf43-9c218481a633","name":"read by id","url":"http://localhost:8080/navaratnalu/2","method":"GET","modified":"2023-12-05T05:09:56.067Z","created":"2023-12-05T05:09:56.067Z","_id":"28cd3a14-7760-412f-81e5-4e6a5a0068c2","params":[],"tests":[]},{"containerId":"b70ac1e4-ef19-4296-afa2-77a873adbd0a","sortNum":20000,"headers":[{"name":"Accept","value":"*/*"},{"name":"User-Agent","value":"Thunder Client (https://www.thunderclient.io)"}],"colId":"e577fa02-32e8-454a-bf43-9c218481a633","name":"read by id","url":"http://localhost:8080/ticket_master/4","method":"GET","modified":"2023-12-05T05:09:56.067Z","created":"2023-12-05T05:09:56.067Z","_id":"29658135-7370-4a73-9e68-1589b164155c","params":[],"tests":[]},{"containerId":"6f423431-60a8-42f3-99ea-014d38c5f955","sortNum":20000,"headers":[{"name":"Accept","value":"*/*"},{"name":"User-Agent","value":"Thunder Client (https://www.thunderclient.io)"}],"colId":"e577fa02-32e8-454a-bf43-9c218481a633","name":"read by id","url":"http://localhost:8080/villages/10","method":"GET","modified":"2023-12-05T05:09:56.067Z","created":"2023-12-05T05:09:56.067Z","_id":"2d5e1201-ffa0-4ded-aac8-239d39b3d863","params":[],"tests":[]},{"containerId":"69aa0d5c-440d-4e25-9678-0b2a9b81ddb0","sortNum":20000,"headers":[{"name":"Accept","value":"*/*"},{"name":"User-Agent","value":"Thunder Client (https://www.thunderclient.io)"}],"colId":"e577fa02-32e8-454a-bf43-9c218481a633","name":"read by id","url":"http://localhost:8080/lookup/13","method":"GET","modified":"2023-12-05T05:09:56.067Z","created":"2023-12-05T05:09:56.067Z","_id":"317d57ca-d7a6-4348-b989-6c470ccefb12","params":[],"tests":[]},{"containerId":"b733102e-d6eb-4748-acd6-cbe50462ddea","sortNum":20000,"headers":[{"name":"Accept","value":"*/*"},{"name":"User-Agent","value":"Thunder Client (https://www.thunderclient.io)"}],"colId":"e577fa02-32e8-454a-bf43-9c218481a633","name":"read by id","url":"http://localhost:8080/ticket_escalation/4","method":"GET","modified":"2023-12-05T05:09:56.067Z","created":"2023-12-05T05:09:56.067Z","_id":"342c94fd-5631-49e3-9127-6130a6baa6c3","params":[],"tests":[]},{"containerId":"9c2a778a-219e-4858-ab49-3b66a0bf3723","sortNum":20000,"headers":[{"name":"Accept","value":"*/*"},{"name":"User-Agent","value":"Thunder Client (https://www.thunderclient.io)"}],"colId":"e577fa02-32e8-454a-bf43-9c218481a633","name":"read all","url":"http://localhost:8080/page_access/getall","method":"GET","modified":"2023-12-05T05:09:56.067Z","created":"2023-12-05T05:09:56.067Z","_id":"3b00f6f6-c1c9-4838-8342-588e5b981741","params":[],"tests":[]},{"containerId":"ec5132bf-e871-450f-b671-84ba778efcda","sortNum":20000,"headers":[{"name":"Accept","value":"*/*"},{"name":"User-Agent","value":"Thunder Client (https://www.thunderclient.io)"}],"colId":"e577fa02-32e8-454a-bf43-9c218481a633","name":"read by id","url":"http://localhost:8080/states/7","method":"GET","modified":"2023-12-05T05:09:56.067Z","created":"2023-12-05T05:09:56.067Z","_id":"3c7cf9c3-f2f0-4b8e-9320-8be740964bd0","params":[],"tests":[]},{"containerId":"b70ac1e4-ef19-4296-afa2-77a873adbd0a","sortNum":20000,"headers":[{"name":"Accept","value":"*/*"},{"name":"User-Agent","value":"Thunder Client (https://www.thunderclient.io)"}],"colId":"e577fa02-32e8-454a-bf43-9c218481a633","name":"read all","url":"http://localhost:8080/ticket_master/getall","method":"GET","modified":"2023-12-05T05:09:56.067Z","created":"2023-12-05T05:09:56.067Z","_id":"3d0dc1f7-6e60-4efc-a38a-283ff6c1343b","params":[],"tests":[]},{"containerId":"67ead205-acb4-4622-8d25-e93166d86325","sortNum":20000,"headers":[{"name":"Accept","value":"*/*"},{"name":"User-Agent","value":"Thunder Client (https://www.thunderclient.io)"}],"colId":"e577fa02-32e8-454a-bf43-9c218481a633","name":"read all","url":"http://localhost:8080/users/getall","method":"GET","modified":"2023-12-05T05:09:56.067Z","created":"2023-12-05T05:09:56.067Z","_id":"41491e29-c96d-4310-9f99-fdaa953a9aa0","params":[],"tests":[]},{"containerId":"1a4e520f-1942-4b2c-970c-741b6d73c3b5","sortNum":20000,"headers":[{"name":"Accept","value":"*/*"},{"name":"User-Agent","value":"Thunder Client (https://www.thunderclient.io)"}],"colId":"e577fa02-32e8-454a-bf43-9c218481a633","name":"read by id","url":"http://localhost:8080/booths/1","method":"GET","modified":"2023-12-05T05:09:56.067Z","created":"2023-12-05T05:09:56.067Z","_id":"457aa3f4-c975-4472-aec6-549ce5f4d86c","params":[],"tests":[]},{"containerId":"560fa3e4-f5c8-4a6f-977f-c92f00dc6a38","sortNum":20000,"headers":[{"name":"Accept","value":"*/*"},{"name":"User-Agent","value":"Thunder Client (https://www.thunderclient.io)"}],"colId":"e577fa02-32e8-454a-bf43-9c218481a633","name":"read by id","url":"http://localhost:8080/mandals/2","method":"GET","modified":"2023-12-05T05:09:56.067Z","created":"2023-12-05T05:09:56.067Z","_id":"4cd6cd77-16a6-4ec2-ab58-dc5c4317c3c5","params":[],"tests":[]},{"containerId":"4c576b29-3d61-4c0d-906b-0dd08f41a55f","sortNum":20000,"headers":[{"name":"Accept","value":"*/*"},{"name":"User-Agent","value":"Thunder Client (https://www.thunderclient.io)"}],"colId":"e577fa02-32e8-454a-bf43-9c218481a633","name":"read by id","url":"http://localhost:8080/constituencies/4","method":"GET","modified":"2023-12-05T05:09:56.067Z","created":"2023-12-05T05:09:56.067Z","_id":"53dc53a0-ca3c-43ff-8408-d531c106dd4d","params":[],"tests":[]},{"containerId":"66d5f2fb-c460-42c0-8b8b-a5bf969e56d7","sortNum":20000,"headers":[{"name":"Accept","value":"*/*"},{"name":"User-Agent","value":"Thunder Client (https://www.thunderclient.io)"}],"colId":"e577fa02-32e8-454a-bf43-9c218481a633","name":"read all","url":"http://localhost:8080/poll_survey/getall","method":"GET","modified":"2023-12-05T05:09:56.067Z","created":"2023-12-05T05:09:56.067Z","_id":"55042afe-6e94-462d-8062-f69b34d97a2e","params":[],"tests":[]},{"containerId":"8cfb42bb-9adb-4f2e-ac70-26c7e2443a57","sortNum":20000,"headers":[{"name":"Accept","value":"*/*"},{"name":"User-Agent","value":"Thunder Client (https://www.thunderclient.io)"}],"colId":"e577fa02-32e8-454a-bf43-9c218481a633","name":"read by id","url":"http://localhost:8080/districts/6","method":"GET","modified":"2023-12-05T05:09:56.067Z","created":"2023-12-05T05:09:56.067Z","_id":"6a7284a2-8696-4896-b3ec-511cceacf7dd","params":[],"tests":[]},{"containerId":"03d8ee28-3a9e-4311-9eac-d51f03015339","sortNum":20000,"headers":[{"name":"Accept","value":"*/*"},{"name":"User-Agent","value":"Thunder Client (https://www.thunderclient.io)"}],"colId":"e577fa02-32e8-454a-bf43-9c218481a633","name":"read all","url":"http://localhost:8080/navaratnalu/getall","method":"GET","modified":"2023-12-05T05:09:56.067Z","created":"2023-12-05T05:09:56.067Z","_id":"6eec7260-a381-4835-811c-ef7076f872ad","params":[],"tests":[]},{"containerId":"a4ea90a2-67cc-4ffe-8a20-b217765fd76c","sortNum":20000,"headers":[{"name":"Accept","value":"*/*"},{"name":"User-Agent","value":"Thunder Client (https://www.thunderclient.io)"}],"colId":"e577fa02-32e8-454a-bf43-9c218481a633","name":"read all","url":"http://localhost:8080/divisions/getall","method":"GET","modified":"2023-12-05T05:09:56.067Z","created":"2023-12-05T05:09:56.067Z","_id":"84dcfa99-a583-411c-886f-f2e9f913e51c","params":[],"tests":[]},{"containerId":"69aa0d5c-440d-4e25-9678-0b2a9b81ddb0","sortNum":20000,"headers":[{"name":"Accept","value":"*/*"},{"name":"User-Agent","value":"Thunder Client (https://www.thunderclient.io)"}],"colId":"e577fa02-32e8-454a-bf43-9c218481a633","name":"read all","url":"http://localhost:8080/lookup/getall","method":"GET","modified":"2023-12-05T05:09:56.067Z","created":"2023-12-05T05:09:56.067Z","_id":"8c594f7b-9e2b-4032-815c-d264593fc18f","params":[],"tests":[]},{"containerId":"f92c6bff-4776-40f8-aa32-6540be1d9e62","sortNum":20000,"headers":[{"name":"Accept","value":"*/*"},{"name":"User-Agent","value":"Thunder Client (https://www.thunderclient.io)"}],"colId":"e577fa02-32e8-454a-bf43-9c218481a633","name":"read by id","url":"http://localhost:8080/parts/2","method":"GET","modified":"2023-12-05T05:09:56.067Z","created":"2023-12-05T05:09:56.067Z","_id":"9d85da41-36c4-4e79-bcbc-3a7c6854033f","params":[],"tests":[]},{"containerId":"4c576b29-3d61-4c0d-906b-0dd08f41a55f","sortNum":20000,"headers":[{"name":"Accept","value":"*/*"},{"name":"User-Agent","value":"Thunder Client (https://www.thunderclient.io)"}],"colId":"e577fa02-32e8-454a-bf43-9c218481a633","name":"read all","url":"http://localhost:8080/constituencies/getall","method":"GET","modified":"2023-12-05T05:09:56.067Z","created":"2023-12-05T05:09:56.067Z","_id":"b2c03549-b567-43e8-ab65-953d18fb18de","params":[],"tests":[]},{"containerId":"6f423431-60a8-42f3-99ea-014d38c5f955","sortNum":20000,"headers":[{"name":"Accept","value":"*/*"},{"name":"User-Agent","value":"Thunder Client (https://www.thunderclient.io)"}],"colId":"e577fa02-32e8-454a-bf43-9c218481a633","name":"read all","url":"http://localhost:8080/villages/getall","method":"GET","modified":"2023-12-05T05:09:56.067Z","created":"2023-12-05T05:09:56.067Z","_id":"b43aea24-7271-4eaf-beb9-03d519cc8908","params":[],"tests":[]},{"containerId":"ec5132bf-e871-450f-b671-84ba778efcda","sortNum":20000,"headers":[{"name":"Accept","value":"*/*"},{"name":"User-Agent","value":"Thunder Client (https://www.thunderclient.io)"}],"colId":"e577fa02-32e8-454a-bf43-9c218481a633","name":"read all","url":"http://localhost:8080/states/getall","method":"GET","modified":"2023-12-05T05:09:56.067Z","created":"2023-12-05T05:09:56.067Z","_id":"b5f46ec0-aadb-4052-b4c1-f1bea98dc0e6","params":[],"tests":[]},{"containerId":"8cfb42bb-9adb-4f2e-ac70-26c7e2443a57","sortNum":20000,"headers":[{"name":"Accept","value":"*/*"},{"name":"User-Agent","value":"Thunder Client (https://www.thunderclient.io)"}],"colId":"e577fa02-32e8-454a-bf43-9c218481a633","name":"read all","url":"http://localhost:8080/districts/getall","method":"GET","modified":"2023-12-05T05:09:56.067Z","created":"2023-12-05T05:09:56.067Z","_id":"bb4b8709-70b1-4e3a-8483-1f5579b569bc","params":[],"tests":[]},{"containerId":"f92c6bff-4776-40f8-aa32-6540be1d9e62","sortNum":20000,"headers":[{"name":"Accept","value":"*/*"},{"name":"User-Agent","value":"Thunder Client (https://www.thunderclient.io)"}],"colId":"e577fa02-32e8-454a-bf43-9c218481a633","name":"read all","url":"http://localhost:8080/parts/getall","method":"GET","modified":"2023-12-05T05:09:56.067Z","created":"2023-12-05T05:09:56.067Z","_id":"c6fcc938-4040-44e7-acd9-87fee468fbad","params":[],"tests":[]},{"containerId":"2954c51b-7335-4f7d-83f3-28c06e23c6aa","sortNum":20000,"headers":[{"name":"Accept","value":"*/*"},{"name":"User-Agent","value":"Thunder Client (https://www.thunderclient.io)"}],"colId":"e577fa02-32e8-454a-bf43-9c218481a633","name":"read by id","url":"http://localhost:8080/sachivalayam/2","method":"GET","modified":"2023-12-05T05:09:56.067Z","created":"2023-12-05T05:09:56.067Z","_id":"c8ae3101-98b1-4c53-9d7b-34705cb9ce5b","params":[],"tests":[]},{"containerId":"9c2a778a-219e-4858-ab49-3b66a0bf3723","sortNum":20000,"headers":[{"name":"Accept","value":"*/*"},{"name":"User-Agent","value":"Thunder Client (https://www.thunderclient.io)"}],"colId":"e577fa02-32e8-454a-bf43-9c218481a633","name":"read by id","url":"http://localhost:8080/page_access/2","method":"GET","modified":"2023-12-05T05:09:56.067Z","created":"2023-12-05T05:09:56.067Z","_id":"c9dfb2f5-9220-492a-861f-edf63dfe11bc","params":[],"tests":[]},{"containerId":"2bb42229-da50-4aee-94f0-f2151f6bfa1c","sortNum":20000,"headers":[{"name":"Accept","value":"*/*"},{"name":"User-Agent","value":"Thunder Client (https://www.thunderclient.io)"}],"colId":"e577fa02-32e8-454a-bf43-9c218481a633","name":"read by id","url":"http://localhost:8080/voters/10","method":"GET","modified":"2023-12-05T05:09:56.067Z","created":"2023-12-05T05:09:56.067Z","_id":"d4630719-9f45-4d59-82ec-31b9d691cf72","params":[],"tests":[]},{"containerId":"b733102e-d6eb-4748-acd6-cbe50462ddea","sortNum":20000,"headers":[{"name":"Accept","value":"*/*"},{"name":"User-Agent","value":"Thunder Client (https://www.thunderclient.io)"}],"colId":"e577fa02-32e8-454a-bf43-9c218481a633","name":"read all","url":"http://localhost:8080/ticket_escalation/getall","method":"GET","modified":"2023-12-05T05:09:56.067Z","created":"2023-12-05T05:09:56.067Z","_id":"d98ffe3a-1d74-4819-af0b-f51d684a00e8","params":[],"tests":[]},{"containerId":"137b9f15-7f42-439c-a708-8c5c0a2e73de","sortNum":20000,"headers":[{"name":"Accept","value":"*/*"},{"name":"User-Agent","value":"Thunder Client (https://www.thunderclient.io)"}],"colId":"e577fa02-32e8-454a-bf43-9c218481a633","name":"read by id","url":"http://localhost:8080/designation/1","method":"GET","modified":"2023-12-05T05:09:56.067Z","created":"2023-12-05T05:09:56.067Z","_id":"e730a7f4-5372-416d-9605-a13c3e5f8f29","params":[],"tests":[]},{"containerId":"8a02defb-eff6-4775-82b0-810aec370a96","sortNum":20000,"headers":[{"name":"Accept","value":"*/*"},{"name":"User-Agent","value":"Thunder Client (https://www.thunderclient.io)"}],"colId":"e577fa02-32e8-454a-bf43-9c218481a633","name":"read by id","url":"http://localhost:8080/access_permissions/9","method":"GET","modified":"2023-12-05T05:09:56.067Z","created":"2023-12-05T05:09:56.067Z","_id":"ea6aa4ad-7156-4105-a46d-ab42dc64f655","params":[],"tests":[]},{"containerId":"2bb42229-da50-4aee-94f0-f2151f6bfa1c","sortNum":20000,"headers":[{"name":"Accept","value":"*/*"},{"name":"User-Agent","value":"Thunder Client (https://www.thunderclient.io)"}],"colId":"e577fa02-32e8-454a-bf43-9c218481a633","name":"read all","url":"http://localhost:8080/voters/getall","method":"GET","modified":"2023-12-05T05:09:56.067Z","created":"2023-12-05T05:09:56.067Z","_id":"f42350fd-1588-4cd2-8e09-f42e5a54f8d2","params":[],"tests":[]},{"containerId":"560fa3e4-f5c8-4a6f-977f-c92f00dc6a38","sortNum":20000,"headers":[{"name":"Accept","value":"*/*"},{"name":"User-Agent","value":"Thunder Client (https://www.thunderclient.io)"}],"colId":"e577fa02-32e8-454a-bf43-9c218481a633","name":"read all","url":"http://localhost:8080/mandals/getall","method":"GET","modified":"2023-12-05T05:09:56.067Z","created":"2023-12-05T05:09:56.067Z","_id":"f61672c3-04f7-4e1c-9d8c-ccef39a0bcc0","params":[],"tests":[]},{"containerId":"9c2a778a-219e-4858-ab49-3b66a0bf3723","sortNum":25000,"headers":[{"name":"Accept","value":"*/*"},{"name":"User-Agent","value":"Thunder Client (https://www.thunderclient.io)"}],"colId":"e577fa02-32e8-454a-bf43-9c218481a633","name":"get all with join","url":"http://localhost:8080/getallpageaccesswithjoin","method":"GET","modified":"2023-12-05T05:09:56.067Z","created":"2023-12-05T05:09:56.067Z","_id":"04a3060f-e2ab-4806-9db8-2ec5e0fc3808","params":[],"tests":[]},{"containerId":"560fa3e4-f5c8-4a6f-977f-c92f00dc6a38","sortNum":25000,"headers":[{"name":"Accept","value":"*/*"},{"name":"User-Agent","value":"Thunder Client (https://www.thunderclient.io)"}],"colId":"e577fa02-32e8-454a-bf43-9c218481a633","name":"get all with join","url":"http://localhost:8080/getallmandalswithjoin","method":"GET","modified":"2023-12-05T05:09:56.067Z","created":"2023-12-05T05:09:56.067Z","_id":"19b0a396-f415-4ceb-8f71-453a5e97b5b4","params":[],"tests":[]},{"containerId":"69aa0d5c-440d-4e25-9678-0b2a9b81ddb0","sortNum":25000,"headers":[{"name":"Accept","value":"*/*"},{"name":"User-Agent","value":"Thunder Client (https://www.thunderclient.io)"}],"colId":"e577fa02-32e8-454a-bf43-9c218481a633","name":"get all religion","url":"http://localhost:8080/lookup/getAllReligion","method":"GET","modified":"2023-12-05T12:43:58.845Z","created":"2023-12-05T12:14:26.136Z","_id":"a53170ff-e7d4-4da2-95a4-aabfde1b001d","params":[],"tests":[]},{"containerId":"69aa0d5c-440d-4e25-9678-0b2a9b81ddb0","sortNum":27500,"headers":[{"name":"Accept","value":"*/*"},{"name":"User-Agent","value":"Thunder Client (https://www.thunderclient.io)"}],"colId":"e577fa02-32e8-454a-bf43-9c218481a633","name":"get all castes","url":"https://poll-7ks0.onrender.com/getAllCastes","method":"GET","modified":"2023-12-05T13:09:45.871Z","created":"2023-12-05T12:31:40.703Z","_id":"2bda9430-3d09-4914-9f7f-af91b243821d","params":[],"tests":[]},{"containerId":"2954c51b-7335-4f7d-83f3-28c06e23c6aa","sortNum":30000,"headers":[{"name":"Accept","value":"*/*"},{"name":"User-Agent","value":"Thunder Client (https://www.thunderclient.io)"}],"colId":"e577fa02-32e8-454a-bf43-9c218481a633","name":"read all by id ","url":"http://localhost:8080/sachivalayam-get-by-id/16","method":"GET","modified":"2023-12-05T05:09:56.067Z","created":"2023-12-05T05:09:56.067Z","_id":"084bb266-b365-4e7d-a384-2b03f46d9ae4","params":[],"tests":[]},{"containerId":"03d8ee28-3a9e-4311-9eac-d51f03015339","sortNum":30000,"headers":[{"name":"Accept","value":"*/*"},{"name":"User-Agent","value":"Thunder Client (https://www.thunderclient.io)"}],"colId":"e577fa02-32e8-454a-bf43-9c218481a633","name":"create","url":"http://localhost:8080/navaratnalu/","method":"POST","modified":"2023-12-05T05:09:56.067Z","created":"2023-12-05T05:09:56.067Z","_id":"0866076c-531a-40bd-954b-e860b5c8a898","params":[],"body":{"type":"json","raw":"{\n  \"navaratnalu_name\": \"YSR Asara\"   \n}","form":[]},"tests":[]},{"containerId":"66d5f2fb-c460-42c0-8b8b-a5bf969e56d7","sortNum":30000,"headers":[{"name":"Accept","value":"*/*"},{"name":"User-Agent","value":"Thunder Client (https://www.thunderclient.io)"}],"colId":"e577fa02-32e8-454a-bf43-9c218481a633","name":"create","url":"http://localhost:8080/poll_survey/","method":"POST","modified":"2023-12-05T09:38:57.557Z","created":"2023-12-05T05:09:56.067Z","_id":"0b2487a8-6eee-4d9d-86e2-9db8e9891ffc","params":[],"body":{"type":"json","raw":"{\n    \"volunteer_id\": 1,\n    \"voter_pk\": 101,\n    \"intrested_party\": 14,\n    \"voted_party\": 1\n}","form":[]},"tests":[]},{"containerId":"8cfb42bb-9adb-4f2e-ac70-26c7e2443a57","sortNum":30000,"headers":[{"name":"Accept","value":"*/*"},{"name":"User-Agent","value":"Thunder Client (https://www.thunderclient.io)"}],"colId":"e577fa02-32e8-454a-bf43-9c218481a633","name":"create","url":"http://localhost:8080/districts/","method":"POST","modified":"2023-12-05T05:09:56.067Z","created":"2023-12-05T05:09:56.067Z","_id":"3aa21c24-e74e-4a0c-81a9-9cbf7a6440e8","params":[],"body":{"type":"json","raw":"{\n    \"state_id\": 5,\n    \"district_name\": \"Vizianagaram\"\n}","form":[]},"tests":[]},{"containerId":"2bb42229-da50-4aee-94f0-f2151f6bfa1c","sortNum":30000,"headers":[{"name":"Accept","value":"*/*"},{"name":"User-Agent","value":"Thunder Client (https://www.thunderclient.io)"}],"colId":"e577fa02-32e8-454a-bf43-9c218481a633","name":"create","url":"http://localhost:8080/voters/","method":"POST","modified":"2023-12-05T05:09:56.067Z","created":"2023-12-05T05:09:56.067Z","_id":"4ea46107-0377-40ba-b1e8-2abcb489c478","params":[],"body":{"type":"json","raw":"{\n    \"part_no\": 2,\n    \"part_slno\": 2,\n    \"voter_name\": \"voter\",\n    \"voter_id\": \"voter-id\",\n    \"guardian\": 13,\n    \"guardian_name\": \"father\",\n    \"gender\": 13,\n    \"age\": 37,\n    \"phone_no\": \"1234567890\",\n    \"permenent_address\": \"house 1-2-3\",\n    \"current_address\": \"house 1-2-3\",\n    \"state_id\": 5,\n    \"consistency_id\": 4,\n    \"mandal_id\": 2,\n    \"division_id\": 16,\n    \"sachivalayam_id\": 6,\n    \"village_id\": 8\n}    ","form":[]},"tests":[]},{"containerId":"4c576b29-3d61-4c0d-906b-0dd08f41a55f","sortNum":30000,"headers":[{"name":"Accept","value":"*/*"},{"name":"User-Agent","value":"Thunder Client (https://www.thunderclient.io)"}],"colId":"e577fa02-32e8-454a-bf43-9c218481a633","name":"create","url":"http://localhost:8080/constituencies/","method":"POST","modified":"2023-12-05T05:09:56.067Z","created":"2023-12-05T05:09:56.067Z","_id":"5932eb41-854a-4e04-b79d-5d594093c850","params":[],"body":{"type":"json","raw":"{\n    \"consistency_id\": 1,\n    \"district_pk\": 6,\n    \"consistency_name\": \"consistency\"\n}","form":[]},"tests":[]},{"containerId":"9c2a778a-219e-4858-ab49-3b66a0bf3723","sortNum":30000,"headers":[{"name":"Accept","value":"*/*"},{"name":"User-Agent","value":"Thunder Client (https://www.thunderclient.io)"}],"colId":"e577fa02-32e8-454a-bf43-9c218481a633","name":"create","url":"http://localhost:8080/page_access/","method":"POST","modified":"2023-12-05T05:09:56.067Z","created":"2023-12-05T05:09:56.067Z","_id":"6d7898c7-3bb7-45d3-866a-4cbd285d46f7","params":[],"body":{"type":"json","raw":"{\n    \"user_id\": 12,\n    \"pagename\": \"dashbord page\"\n}","form":[]},"tests":[]},{"containerId":"4eb6577a-3887-41c2-a924-82bbcbdafe85","sortNum":30000,"headers":[{"name":"Accept","value":"*/*"},{"name":"User-Agent","value":"Thunder Client (https://www.thunderclient.io)"}],"colId":"e577fa02-32e8-454a-bf43-9c218481a633","name":"create","url":"http://localhost:8080/ticket_attachments/","method":"POST","modified":"2023-12-05T05:09:56.067Z","created":"2023-12-05T05:09:56.067Z","_id":"71e4aff2-ddec-44ad-9dc3-1ea3a4611898","params":[],"body":{"type":"json","raw":"{\n    \"ticket_master_id\": 4,\n    \"attachment_name\": \"attachment-2\",\n    \"attachment_type\": \"type\",\n    \"attachment_discription\": \"discription\"\n}","form":[]},"tests":[]},{"containerId":"6f423431-60a8-42f3-99ea-014d38c5f955","sortNum":30000,"headers":[{"name":"Accept","value":"*/*"},{"name":"User-Agent","value":"Thunder Client (https://www.thunderclient.io)"}],"colId":"e577fa02-32e8-454a-bf43-9c218481a633","name":"get all by id ","url":"http://localhost:8080/villages-get-by-id/2","method":"GET","modified":"2023-12-05T05:09:56.067Z","created":"2023-12-05T05:09:56.067Z","_id":"84e00a41-531b-465c-b912-f16e6a3a6a44","params":[],"tests":[]},{"containerId":"67ead205-acb4-4622-8d25-e93166d86325","sortNum":30000,"headers":[{"name":"Accept","value":"*/*"},{"name":"User-Agent","value":"Thunder Client (https://www.thunderclient.io)"}],"colId":"e577fa02-32e8-454a-bf43-9c218481a633","name":"login test","url":"http://localhost:8080/users-login/","method":"POST","modified":"2023-12-05T05:09:56.067Z","created":"2023-12-05T05:09:56.067Z","_id":"971ae8c7-3070-4aab-8574-d7d4c9cdfba0","params":[],"body":{"type":"json","raw":"{\n    \"phone_no\": \"9985079957\",\n    \"password\": \"1234\"\n}","form":[]},"tests":[]},{"containerId":"a4ea90a2-67cc-4ffe-8a20-b217765fd76c","sortNum":30000,"headers":[{"name":"Accept","value":"*/*"},{"name":"User-Agent","value":"Thunder Client (https://www.thunderclient.io)"}],"colId":"e577fa02-32e8-454a-bf43-9c218481a633","name":"get all by id ","url":"http://localhost:8080/divisions-get-by-id/2","method":"GET","modified":"2023-12-05T05:09:56.067Z","created":"2023-12-05T05:09:56.067Z","_id":"99712540-dc09-4a39-be98-d1b9d5cbc65f","params":[],"tests":[]},{"containerId":"f92c6bff-4776-40f8-aa32-6540be1d9e62","sortNum":30000,"headers":[{"name":"Accept","value":"*/*"},{"name":"User-Agent","value":"Thunder Client (https://www.thunderclient.io)"}],"colId":"e577fa02-32e8-454a-bf43-9c218481a633","name":"get all by id ","url":"http://localhost:8080/parts-get-by-id/6","method":"GET","modified":"2023-12-05T05:09:56.067Z","created":"2023-12-05T05:09:56.067Z","_id":"a5c942b4-8234-4a2e-b96e-8b9dab0df4ec","params":[],"tests":[]},{"containerId":"560fa3e4-f5c8-4a6f-977f-c92f00dc6a38","sortNum":30000,"headers":[{"name":"Accept","value":"*/*"},{"name":"User-Agent","value":"Thunder Client (https://www.thunderclient.io)"}],"colId":"e577fa02-32e8-454a-bf43-9c218481a633","name":"create","url":"http://localhost:8080/mandals/","method":"POST","modified":"2023-12-05T05:09:56.067Z","created":"2023-12-05T05:09:56.067Z","_id":"ac1f1bfb-16aa-4cd1-8771-07777e51f7d0","params":[],"body":{"type":"json","raw":"{\n    \"consistency_id\": 3,\n    \"mandal_name\": \"mandal\"\n}","form":[]},"tests":[]},{"containerId":"ec5132bf-e871-450f-b671-84ba778efcda","sortNum":30000,"headers":[{"name":"Accept","value":"*/*"},{"name":"User-Agent","value":"Thunder Client (https://www.thunderclient.io)"}],"colId":"e577fa02-32e8-454a-bf43-9c218481a633","name":"create","url":"http://localhost:8080/states/","method":"POST","modified":"2023-12-05T05:09:56.067Z","created":"2023-12-05T05:09:56.067Z","_id":"b4314229-f582-497e-a4d4-de8e12d64013","params":[],"body":{"type":"json","raw":"{\n    \"state_name\": \"updated\" \n}","form":[]},"tests":[]},{"containerId":"b70ac1e4-ef19-4296-afa2-77a873adbd0a","sortNum":30000,"headers":[{"name":"Accept","value":"*/*"},{"name":"User-Agent","value":"Thunder Client (https://www.thunderclient.io)"}],"colId":"e577fa02-32e8-454a-bf43-9c218481a633","name":"create","url":"http://localhost:8080/ticket_master/","method":"POST","modified":"2023-12-05T05:09:56.067Z","created":"2023-12-05T05:09:56.067Z","_id":"b4ac6fa3-bd7b-4190-9a00-421241290241","params":[],"body":{"type":"json","raw":"{\n    \"voter_pk\": 1,\n    \"volunteer_id\": 11,\n    \"navaratnalu_id\":2,\n    \"reason\": \"reason-1\"\n}    ","form":[]},"tests":[]},{"containerId":"8a02defb-eff6-4775-82b0-810aec370a96","sortNum":30000,"headers":[{"name":"Accept","value":"*/*"},{"name":"User-Agent","value":"Thunder Client (https://www.thunderclient.io)"}],"colId":"e577fa02-32e8-454a-bf43-9c218481a633","name":"create","url":"http://localhost:8080/access_permissions/","method":"POST","modified":"2023-12-05T05:09:56.067Z","created":"2023-12-05T05:09:56.067Z","_id":"b6964890-1a05-480c-b5f6-ee95ebc03fec","params":[],"body":{"type":"json","raw":"{\n    \"user_id\": 12\n}","form":[]},"tests":[]},{"containerId":"1a4e520f-1942-4b2c-970c-741b6d73c3b5","sortNum":30000,"headers":[{"name":"Accept","value":"*/*"},{"name":"User-Agent","value":"Thunder Client (https://www.thunderclient.io)"}],"colId":"e577fa02-32e8-454a-bf43-9c218481a633","name":"create","url":"http://localhost:8080/booths/","method":"POST","modified":"2023-12-05T05:09:56.067Z","created":"2023-12-05T05:09:56.067Z","_id":"e084b237-acff-42f2-8454-9aae2b7d9870","params":[],"body":{"type":"json","raw":"{\n    \"booth_no\":1,\n    \"sachivalayam_pk\": 6,\n    \"booth_name\":\"booth name\",\n    \"booth_fulladdress\": \"full address booth\"\n}","form":[]},"tests":[]},{"containerId":"137b9f15-7f42-439c-a708-8c5c0a2e73de","sortNum":30000,"headers":[{"name":"Accept","value":"*/*"},{"name":"User-Agent","value":"Thunder Client (https://www.thunderclient.io)"}],"colId":"e577fa02-32e8-454a-bf43-9c218481a633","name":"create","url":"http://localhost:8080/designation/","method":"POST","modified":"2023-12-05T05:09:56.067Z","created":"2023-12-05T05:09:56.067Z","_id":"e181040e-ec9d-427c-8797-5a575746056c","params":[],"body":{"type":"json","raw":"{\n    \"designation_name\": \"designation-1\"\n}","form":[]},"tests":[]},{"containerId":"b733102e-d6eb-4748-acd6-cbe50462ddea","sortNum":30000,"headers":[{"name":"Accept","value":"*/*"},{"name":"User-Agent","value":"Thunder Client (https://www.thunderclient.io)"}],"colId":"e577fa02-32e8-454a-bf43-9c218481a633","name":"create","url":"http://localhost:8080/ticket_escalation/","method":"POST","modified":"2023-12-05T05:09:56.067Z","created":"2023-12-05T05:09:56.067Z","_id":"f1ded9a0-667f-4d02-a198-0b1d72204561","params":[],"body":{"type":"json","raw":"{\n   \"ticket_master_id\": 4 \n}","form":[]},"tests":[]},{"containerId":"69aa0d5c-440d-4e25-9678-0b2a9b81ddb0","sortNum":30000,"headers":[{"name":"Accept","value":"*/*"},{"name":"User-Agent","value":"Thunder Client (https://www.thunderclient.io)"}],"colId":"e577fa02-32e8-454a-bf43-9c218481a633","name":"create","url":"http://localhost:8080/lookup/","method":"POST","modified":"2023-12-05T05:09:56.067Z","created":"2023-12-05T05:09:56.067Z","_id":"f5993fa8-b508-460d-84e8-c3779d7ab094","params":[],"body":{"type":"json","raw":"{\n    \"lookup_name\": \"lookup\",\n    \"lookup_valuename\": \"valuename\"\n}","form":[]},"tests":[]},{"containerId":"4c576b29-3d61-4c0d-906b-0dd08f41a55f","sortNum":35000,"headers":[{"name":"Accept","value":"*/*"},{"name":"User-Agent","value":"Thunder Client (https://www.thunderclient.io)"}],"colId":"e577fa02-32e8-454a-bf43-9c218481a633","name":"update","url":"http://localhost:8080/constituencies/11","method":"PUT","modified":"2023-12-05T05:09:56.067Z","created":"2023-12-05T05:09:56.067Z","_id":"04bb3e87-a2ef-42b3-a58e-2df22b12b2d7","params":[],"body":{"type":"json","raw":"{\n    \"consistency_id\": 1,\n    \"district_pk\": 6,\n    \"consistency_name\": \"updted\"\n}","form":[]},"tests":[]},{"containerId":"66d5f2fb-c460-42c0-8b8b-a5bf969e56d7","sortNum":35000,"headers":[{"name":"Accept","value":"*/*"},{"name":"User-Agent","value":"Thunder Client (https://www.thunderclient.io)"}],"colId":"e577fa02-32e8-454a-bf43-9c218481a633","name":"save or update survey","url":"http://localhost:8080/save_or_updated_survey","method":"POST","modified":"2023-12-05T11:57:12.491Z","created":"2023-12-05T09:45:48.384Z","_id":"77d5020b-e1d3-411e-bb65-3563a4fae5f6","params":[],"body":{"type":"json","raw":"{\n    \"volunteer_id\": 10,\n    \"voter_pk\": 10,\n    \"intrested_party\": 23,\n    \"phone_no\": \"9876543210\",\n    \"residential\": true,\n    \"current_address\": \"house_number 1-22\",\n    \"permenent_address\": \"house_number 1-223\",\n    \"religion_id\": 78,\n    \"caste_id\": 89,\n    \"disability\": true,\n    \"govt_employee\": false\n    \n}","form":[]},"tests":[]},{"containerId":"f92c6bff-4776-40f8-aa32-6540be1d9e62","sortNum":35000,"headers":[{"name":"Accept","value":"*/*"},{"name":"User-Agent","value":"Thunder Client (https://www.thunderclient.io)"}],"colId":"e577fa02-32e8-454a-bf43-9c218481a633","name":"get all with join","url":"http://localhost:8080/getallpartswithjoin","method":"GET","modified":"2023-12-05T05:09:56.067Z","created":"2023-12-05T05:09:56.067Z","_id":"9316200e-3669-4d63-aad6-7df6e473294a","params":[],"tests":[]},{"containerId":"8cfb42bb-9adb-4f2e-ac70-26c7e2443a57","sortNum":35000,"headers":[{"name":"Accept","value":"*/*"},{"name":"User-Agent","value":"Thunder Client (https://www.thunderclient.io)"}],"colId":"e577fa02-32e8-454a-bf43-9c218481a633","name":"update","url":"http://localhost:8080/districts/16","method":"PUT","modified":"2023-12-05T05:09:56.067Z","created":"2023-12-05T05:09:56.067Z","_id":"be9148d3-7e41-4363-97f9-24fae64318ae","params":[],"body":{"type":"json","raw":"{\n    \"state_id\": 5,\n    \"district_name\": \"srikakulam\"\n}","form":[]},"tests":[]},{"containerId":"a4ea90a2-67cc-4ffe-8a20-b217765fd76c","sortNum":35000,"headers":[{"name":"Accept","value":"*/*"},{"name":"User-Agent","value":"Thunder Client (https://www.thunderclient.io)"}],"colId":"e577fa02-32e8-454a-bf43-9c218481a633","name":"get all with join","url":"http://localhost:8080/getalldivisionswithjoin","method":"GET","modified":"2023-12-05T05:09:56.067Z","created":"2023-12-05T05:09:56.067Z","_id":"f6894458-93f4-4a32-ab1a-04ae2bbe3875","params":[],"tests":[]},{"containerId":"4c576b29-3d61-4c0d-906b-0dd08f41a55f","sortNum":40000,"headers":[{"name":"Accept","value":"*/*"},{"name":"User-Agent","value":"Thunder Client (https://www.thunderclient.io)"}],"colId":"e577fa02-32e8-454a-bf43-9c218481a633","name":"get all with join","url":"http://localhost:8080/getallconstituencieswithjoin","method":"GET","modified":"2023-12-05T05:09:56.067Z","created":"2023-12-05T05:09:56.067Z","_id":"0375d19e-db6b-4367-a6d0-e30c1c2e8c27","params":[],"body":{"type":"json","raw":"{\n    \"consistency_id\": 1,\n    \"district_pk\": 6,\n    \"consistency_name\": \"consistency\"\n}","form":[]},"tests":[]},{"containerId":"a4ea90a2-67cc-4ffe-8a20-b217765fd76c","sortNum":40000,"headers":[{"name":"Accept","value":"*/*"},{"name":"User-Agent","value":"Thunder Client (https://www.thunderclient.io)"}],"colId":"e577fa02-32e8-454a-bf43-9c218481a633","name":"create","url":"http://localhost:8080/divisions/","method":"POST","modified":"2023-12-05T05:09:56.067Z","created":"2023-12-05T05:09:56.067Z","_id":"1c20a295-7f59-4508-b078-43de9bfa2701","params":[],"body":{"type":"json","raw":"{\n    \"mandal_id\": 6,\n    \"division_name\": \"division-2\"\n}","form":[]},"tests":[]},{"containerId":"2954c51b-7335-4f7d-83f3-28c06e23c6aa","sortNum":40000,"headers":[{"name":"Accept","value":"*/*"},{"name":"User-Agent","value":"Thunder Client (https://www.thunderclient.io)"}],"colId":"e577fa02-32e8-454a-bf43-9c218481a633","name":"create","url":"http://localhost:8080/sachivalayam/","method":"POST","modified":"2023-12-05T05:09:56.067Z","created":"2023-12-05T05:09:56.067Z","_id":"2c3d22fc-8413-4863-8753-6a98c57ad77a","params":[],"body":{"type":"json","raw":"{\n    \"division_pk\": 8,\n    \"sachivalayam_name\": \"sachivalayam-3\"\n}","form":[]},"tests":[]},{"containerId":"6f423431-60a8-42f3-99ea-014d38c5f955","sortNum":40000,"headers":[{"name":"Accept","value":"*/*"},{"name":"User-Agent","value":"Thunder Client (https://www.thunderclient.io)"}],"colId":"e577fa02-32e8-454a-bf43-9c218481a633","name":"create","url":"http://localhost:8080/villages/","method":"POST","modified":"2023-12-05T05:09:56.067Z","created":"2023-12-05T05:09:56.067Z","_id":"3e7d3e60-d0ce-4810-a3ca-bb7b2743a6fb","params":[],"body":{"type":"json","raw":"{\n    \"village_name\": \"village-3\",\n    \"part_no\": 2\n}","form":[]},"tests":[]},{"containerId":"b733102e-d6eb-4748-acd6-cbe50462ddea","sortNum":40000,"headers":[{"name":"Accept","value":"*/*"},{"name":"User-Agent","value":"Thunder Client (https://www.thunderclient.io)"}],"colId":"e577fa02-32e8-454a-bf43-9c218481a633","name":"get all with join","url":"http://localhost:8080/getallticketescalationwithjoin","method":"GET","modified":"2023-12-05T05:09:56.067Z","created":"2023-12-05T05:09:56.067Z","_id":"494bbea0-1171-4871-8582-d6e8eacfda6f","params":[],"body":{"type":"json","raw":"{\n   \"ticket_master_id\": 4 \n}","form":[]},"tests":[]},{"containerId":"ec5132bf-e871-450f-b671-84ba778efcda","sortNum":40000,"headers":[{"name":"Accept","value":"*/*"},{"name":"User-Agent","value":"Thunder Client (https://www.thunderclient.io)"}],"colId":"e577fa02-32e8-454a-bf43-9c218481a633","name":"update","url":"http://localhost:8080/states/27","method":"PUT","modified":"2023-12-05T05:09:56.067Z","created":"2023-12-05T05:09:56.067Z","_id":"71758dae-13dc-43a6-9509-7c0048e43f2a","params":[],"body":{"type":"json","raw":"{\n    \"state_name\": \"Kerala\" \n}","form":[]},"tests":[]},{"containerId":"67ead205-acb4-4622-8d25-e93166d86325","sortNum":40000,"headers":[{"name":"Accept","value":"*/*"},{"name":"User-Agent","value":"Thunder Client (https://www.thunderclient.io)"}],"colId":"e577fa02-32e8-454a-bf43-9c218481a633","name":"create","url":"http://localhost:8080/users/","method":"POST","modified":"2023-12-05T05:09:56.067Z","created":"2023-12-05T05:09:56.067Z","_id":"758b3751-8bda-42e1-a229-8517a7948a53","params":[],"body":{"type":"json","raw":"{\n    \"user_displayname\": \"B.Sri Hari\",\n    \"username\": \"B.Sri Hari\",\n    \"password\": \"1234\",\n    \"phone_no\": \"8919757345\",\n    \"designation_id\": 33,\n    \"state_id\": 5,\n    \"consistency_id\": 3,\n    \"mandal_id\": 3,\n    \"district_id\": 6\n}","form":[]},"tests":[]},{"containerId":"f92c6bff-4776-40f8-aa32-6540be1d9e62","sortNum":40000,"headers":[{"name":"Accept","value":"*/*"},{"name":"User-Agent","value":"Thunder Client (https://www.thunderclient.io)"}],"colId":"e577fa02-32e8-454a-bf43-9c218481a633","name":"create","url":"http://localhost:8080/parts/","method":"POST","modified":"2023-12-05T05:09:56.067Z","created":"2023-12-05T05:09:56.067Z","_id":"8d1a379f-bf50-481a-9145-2e8f251892ae","params":[],"body":{"type":"json","raw":"{\n    \"part_no\": 2,\n    \"male_votes\": 10,\n    \"female_votes\": 10, \n    \"other_votes\": 10,\n    \"sachivalayam_id\": 6   \n}","form":[]},"tests":[]},{"containerId":"4eb6577a-3887-41c2-a924-82bbcbdafe85","sortNum":40000,"headers":[{"name":"Accept","value":"*/*"},{"name":"User-Agent","value":"Thunder Client (https://www.thunderclient.io)"}],"colId":"e577fa02-32e8-454a-bf43-9c218481a633","name":"get all with join","url":"http://localhost:8080/getallticketattachmentswithjoin","method":"GET","modified":"2023-12-05T05:09:56.067Z","created":"2023-12-05T05:09:56.067Z","_id":"b4c8b02a-46f2-4655-b73b-88b0928e3809","params":[],"tests":[]},{"containerId":"66d5f2fb-c460-42c0-8b8b-a5bf969e56d7","sortNum":40000,"headers":[{"name":"Accept","value":"*/*"},{"name":"User-Agent","value":"Thunder Client (https://www.thunderclient.io)"}],"colId":"e577fa02-32e8-454a-bf43-9c218481a633","name":"get all with join","url":"http://localhost:8080/getallpollsurveywithjoin","method":"GET","modified":"2023-12-05T05:09:56.067Z","created":"2023-12-05T05:09:56.067Z","_id":"ba642055-6b2c-4c8d-a8af-af0116ac55b0","params":[],"tests":[]},{"containerId":"b70ac1e4-ef19-4296-afa2-77a873adbd0a","sortNum":40000,"headers":[{"name":"Accept","value":"*/*"},{"name":"User-Agent","value":"Thunder Client (https://www.thunderclient.io)"}],"colId":"e577fa02-32e8-454a-bf43-9c218481a633","name":"get all with join","url":"http://localhost:8080/getallticketmasterwithjoin","method":"GET","modified":"2023-12-05T05:09:56.067Z","created":"2023-12-05T05:09:56.067Z","_id":"bd55a82c-7b09-406a-9c45-c59416f72d8d","params":[],"body":{"type":"json","raw":"{\n    \"voter_pk\": 1,\n    \"volunteer_id\": 11,\n    \"navaratnalu_id\":2,\n    \"reason\": \"reason-1\"\n}    ","form":[]},"tests":[]},{"containerId":"8cfb42bb-9adb-4f2e-ac70-26c7e2443a57","sortNum":40000,"headers":[{"name":"Accept","value":"*/*"},{"name":"User-Agent","value":"Thunder Client (https://www.thunderclient.io)"}],"colId":"e577fa02-32e8-454a-bf43-9c218481a633","name":"get all with join","url":"http://localhost:8080/getalldistrictswithjoin","method":"GET","modified":"2023-12-05T05:09:56.067Z","created":"2023-12-05T05:09:56.067Z","_id":"d77df832-b430-4863-99f2-b0430d639da7","params":[],"tests":[]},{"containerId":"560fa3e4-f5c8-4a6f-977f-c92f00dc6a38","sortNum":40000,"headers":[{"name":"Accept","value":"*/*"},{"name":"User-Agent","value":"Thunder Client (https://www.thunderclient.io)"}],"colId":"e577fa02-32e8-454a-bf43-9c218481a633","name":"update","url":"http://localhost:8080/mandals/11","method":"PUT","modified":"2023-12-05T05:09:56.067Z","created":"2023-12-05T05:09:56.067Z","_id":"dba3a0ad-365c-4f9b-bc19-3f67f15708d6","params":[],"body":{"type":"json","raw":"{\n    \"consistency_id\": 3,\n    \"mandal_name\": \"updated\"\n}","form":[]},"tests":[]},{"containerId":"2bb42229-da50-4aee-94f0-f2151f6bfa1c","sortNum":40000,"headers":[{"name":"Accept","value":"*/*"},{"name":"User-Agent","value":"Thunder Client (https://www.thunderclient.io)"}],"colId":"e577fa02-32e8-454a-bf43-9c218481a633","name":"get all with join","url":"http://localhost:8080/getallvoterswithjoin","method":"GET","modified":"2023-12-05T05:09:56.067Z","created":"2023-12-05T05:09:56.067Z","_id":"f3fdfd0a-bf70-4645-8183-806e7eff160d","params":[],"tests":[]},{"containerId":"ec5132bf-e871-450f-b671-84ba778efcda","sortNum":50000,"headers":[{"name":"Accept","value":"*/*"},{"name":"User-Agent","value":"Thunder Client (https://www.thunderclient.io)"}],"colId":"e577fa02-32e8-454a-bf43-9c218481a633","name":"delete","url":"http://localhost:8080/states/27","method":"PUT","modified":"2023-12-05T05:09:56.067Z","created":"2023-12-05T05:09:56.067Z","_id":"209f2021-7aa0-4546-84be-62187c86ba3c","params":[],"body":{"type":"json","raw":"{\n    \"state_name\": \"Kerala\" \n}","form":[]},"tests":[]},{"containerId":"6f423431-60a8-42f3-99ea-014d38c5f955","sortNum":50000,"headers":[{"name":"Accept","value":"*/*"},{"name":"User-Agent","value":"Thunder Client (https://www.thunderclient.io)"}],"colId":"e577fa02-32e8-454a-bf43-9c218481a633","name":"get all with join","url":"http://localhost:8080/getallvillageswithjoin","method":"GET","modified":"2023-12-05T05:09:56.067Z","created":"2023-12-05T05:09:56.067Z","_id":"a94eb0ed-43a2-4d1b-bf04-1c739da8fc54","params":[],"tests":[]},{"containerId":"67ead205-acb4-4622-8d25-e93166d86325","sortNum":50000,"headers":[{"name":"Accept","value":"*/*"},{"name":"User-Agent","value":"Thunder Client (https://www.thunderclient.io)"}],"colId":"e577fa02-32e8-454a-bf43-9c218481a633","name":"get all with join","url":"http://localhost:8080/getalluserswithjoin","method":"GET","modified":"2023-12-05T05:09:56.067Z","created":"2023-12-05T05:09:56.067Z","_id":"b1fc5891-a5c1-460f-bac8-10ba69885a8f","params":[],"body":{"type":"json","raw":"{\n    \"user_displayname\": \"B.Sri Hari\",\n    \"user_name\": \"B.Sri Hari\",\n    \"password\": \"1234\",\n    \"phone_no\": \"8919757345\",\n    \"designation_id\": 33,\n    \"state_id\": 5,\n    \"consistency_id\": 3,\n    \"mandal_id\": 3,\n    \"district_id\": 6\n}","form":[]},"tests":[]},{"containerId":"2bb42229-da50-4aee-94f0-f2151f6bfa1c","sortNum":50000,"headers":[{"name":"Accept","value":"*/*"},{"name":"User-Agent","value":"Thunder Client (https://www.thunderclient.io)"}],"colId":"e577fa02-32e8-454a-bf43-9c218481a633","name":"get all with join and with where","url":"http://localhost:8080/getallvoterswithjoinandwhere","method":"POST","modified":"2023-12-05T05:09:56.067Z","created":"2023-12-05T05:09:56.067Z","_id":"eeb29cbb-0f33-464e-9a4a-cad3875f4fbf","params":[],"body":{"type":"json","raw":"{\n \"state_id\": 5,\n \"district_id\": 6,\n \"consistency_id\": 3,\n \"mandal_id\": 2,\n \"division_id\": 16,\n \"sachivalayam_id\": 6,\n \"part_no\": 2,\n \"village_id\": 7\n}","form":[]},"tests":[]},{"containerId":"2954c51b-7335-4f7d-83f3-28c06e23c6aa","sortNum":50000,"headers":[{"name":"Accept","value":"*/*"},{"name":"User-Agent","value":"Thunder Client (https://www.thunderclient.io)"}],"colId":"e577fa02-32e8-454a-bf43-9c218481a633","name":"get all with join","url":"http://localhost:8080/getallsachivalayamwithjoin","method":"GET","modified":"2023-12-05T05:09:56.067Z","created":"2023-12-05T05:09:56.067Z","_id":"f1cf0069-5dab-47dd-9610-f20b1170df9a","params":[],"tests":[]},{"containerId":"67ead205-acb4-4622-8d25-e93166d86325","sortNum":60000,"headers":[{"name":"Accept","value":"*/*"},{"name":"User-Agent","value":"Thunder Client (https://www.thunderclient.io)"}],"colId":"e577fa02-32e8-454a-bf43-9c218481a633","name":"get all with join and with where","url":"http://localhost:8080/getalluserswithjoinandwhere","method":"POST","modified":"2023-12-05T05:09:56.067Z","created":"2023-12-05T05:09:56.067Z","_id":"4f1fb5d9-8323-42c1-852e-d93a661c2a48","params":[],"body":{"type":"json","raw":"{\n \"state_id\": 5,\n \"district_id\": 6,\n \"consistency_id\": 3,\n \"mandal_id\": 2,\n \"division_id\": 16,\n \"sachivalayam_id\": null,\n \"part_no\": null,\n \"village_id\": 7\n}","form":[]},"tests":[]},{"containerId":"67ead205-acb4-4622-8d25-e93166d86325","sortNum":70000,"headers":[{"name":"Accept","value":"*/*"},{"name":"User-Agent","value":"Thunder Client (https://www.thunderclient.io)"}],"colId":"e577fa02-32e8-454a-bf43-9c218481a633","name":"get all below users","url":"http://localhost:8080/getallbellowuser","method":"POST","modified":"2023-12-05T05:09:56.067Z","created":"2023-12-05T05:09:56.067Z","_id":"9b9928dd-ca5a-4bea-b681-de2dc45abd42","params":[],"body":{"type":"json","raw":"{\n \"designation_id\": 34\n}","form":[]},"tests":[]}]}
